{"stats":{"minecraft:killed":{"minecraft:witch":1,"minecraft:spider":5,"minecraft:vindicator":1,"minecraft:skeleton":23,"minecraft:chicken":7,"minecraft:pig":28,"minecraft:zombie_villager":1,"minecraft:hoglin":2,"minecraft:creeper":1,"minecraft:sheep":18,"minecraft:pillager":7,"minecraft:goat":2,"minecraft:zombie":22,"minecraft:cow":14},"minecraft:dropped":{"minecraft:iron_ingot":2,"minecraft:porkchop":1,"minecraft:wheat_seeds":2,"minecraft:golden_helmet":1,"minecraft:oak_log":1,"minecraft:diamond":1,"minecraft:crafting_table":1,"minecraft:oak_fence":1,"minecraft:orange_tulip":2,"minecraft:cobblestone":9,"minecraft:flint":1,"minecraft:emerald":2,"minecraft:dirt":250,"minecraft:white_banner":3,"minecraft:iron_axe":1,"minecraft:string":1,"minecraft:stone_axe":1,"minecraft:cooked_chicken":5,"minecraft:stone_sword":2,"minecraft:birch_sapling":6,"minecraft:rotten_flesh":7,"minecraft:oak_planks":26,"minecraft:white_bed":1,"minecraft:peony":1,"minecraft:golden_leggings":1,"minecraft:golden_sword":3,"minecraft:arrow":1},"minecraft:killed_by":{"minecraft:pillager":1,"minecraft:ravager":2,"minecraft:drowned":1,"minecraft:skeleton":1},"minecraft:crafted":{"minecraft:oak_door":6,"minecraft:smooth_stone":10,"minecraft:oak_planks":899,"minecraft:stone_shovel":4,"minecraft:barrel":4,"minecraft:iron_nugget":9,"minecraft:cooked_chicken":7,"minecraft:birch_slab":48,"minecraft:furnace":6,"minecraft:blast_furnace":2,"minecraft:stone":18,"minecraft:flint_and_steel":1,"minecraft:cooked_mutton":21,"minecraft:oak_trapdoor":14,"minecraft:glass_pane":32,"minecraft:glass":64,"minecraft:lantern":1,"minecraft:iron_boots":1,"minecraft:ladder":12,"minecraft:stone_pickaxe":7,"minecraft:cobblestone_wall":24,"minecraft:oak_button":18,"minecraft:oak_fence":27,"minecraft:smoker":1,"minecraft:wheat":117,"minecraft:cooked_beef":19,"minecraft:crimson_planks":240,"minecraft:oak_slab":84,"minecraft:emerald":4,"minecraft:cooked_porkchop":49,"minecraft:crafting_table":4,"minecraft:crimson_slab":60,"minecraft:wooden_pickaxe":2,"minecraft:iron_helmet":1,"minecraft:iron_sword":1,"another_furniture:crimson_flower_box":12,"minecraft:bucket":1,"minecraft:birch_planks":164,"minecraft:stone_axe":5,"minecraft:air":0,"minecraft:blue_dye":1,"minecraft:iron_chestplate":1,"minecraft:stick":56,"minecraft:iron_ingot":145,"minecraft:iron_pickaxe":2,"minecraft:oak_stairs":212,"minecraft:stone_sword":2,"minecraft:iron_leggings":1,"minecraft:white_bed":3,"minecraft:torch":28},"minecraft:broken":{"minecraft:wooden_pickaxe":1,"minecraft:stone_pickaxe":5,"minecraft:golden_sword":1,"minecraft:iron_axe":2,"minecraft:stone_axe":5,"minecraft:iron_pickaxe":1,"minecraft:stone_shovel":2},"minecraft:mined":{"minecraft:tuff":1,"minecraft:white_bed":18,"minecraft:dark_oak_leaves":4,"minecraft:oak_door":3,"minecraft:sculk_vein":6,"minecraft:grass_block":421,"minecraft:crimson_roots":5,"minecraft:weeping_vines":2,"minecraft:soul_soil":14,"minecraft:birch_slab":2,"minecraft:crimson_fungus":3,"minecraft:crimson_stem":62,"minecraft:hay_block":12,"minecraft:weeping_vines_plant":2,"minecraft:furnace":6,"minecraft:iron_ore":137,"minecraft:fire":11,"minecraft:andesite":9,"minecraft:pumpkin":16,"minecraft:deepslate_lapis_ore":9,"minecraft:peony":4,"minecraft:sculk_shrieker":3,"minecraft:red_tulip":1,"minecraft:deepslate_iron_ore":27,"minecraft:shroomlight":4,"minecraft:dirt_path":1,"minecraft:oak_stairs":47,"minecraft:lantern":13,"minecraft:stone":417,"minecraft:deepslate_redstone_ore":15,"minecraft:oak_slab":13,"minecraft:soul_sand":35,"minecraft:soul_fire":7,"minecraft:powder_snow":1,"minecraft:crafting_table":23,"minecraft:oak_fence":4,"minecraft:clay":4,"minecraft:torch":13,"minecraft:melon":3,"minecraft:rose_bush":2,"minecraft:nether_quartz_ore":33,"minecraft:cobblestone":9,"minecraft:deepslate_gold_ore":51,"minecraft:lapis_ore":2,"minecraft:oak_planks":21,"minecraft:sculk":1,"minecraft:diorite":14,"minecraft:wall_torch":10,"minecraft:birch_planks":3,"minecraft:nether_wart_block":1,"minecraft:birch_log":41,"minecraft:lilac":1,"minecraft:birch_leaves":1,"minecraft:warped_fungus":2,"minecraft:grass":37,"minecraft:coal_ore":237,"minecraft:oak_log":480,"minecraft:gravel":8,"minecraft:sunflower":6,"minecraft:sand":64,"minecraft:dirt":252,"minecraft:oak_button":1,"minecraft:netherrack":23,"another_furniture:crimson_flower_box":1,"minecraft:gold_ore":12,"minecraft:oak_leaves":85,"minecraft:deepslate":155},"minecraft:picked_up":{"minecraft:iron_chestplate":2,"minecraft:crafting_table":24,"minecraft:azure_bluet":1,"minecraft:ladder":3,"minecraft:chicken":7,"minecraft:clay_ball":16,"minecraft:oak_stairs":55,"minecraft:potion":1,"minecraft:golden_sword":2,"minecraft:string":10,"minecraft:soul_soil":13,"minecraft:iron_axe":3,"minecraft:iron_leggings":2,"minecraft:shroomlight":4,"minecraft:cobbled_deepslate":142,"minecraft:beef":30,"minecraft:rose_bush":2,"minecraft:melon_slice":16,"minecraft:sugar_cane":5,"minecraft:egg":6,"minecraft:birch_sapling":22,"minecraft:iron_boots":2,"minecraft:furnace":6,"minecraft:raw_iron":166,"minecraft:stick":124,"minecraft:oak_door":4,"minecraft:oak_fence":5,"minecraft:torch":37,"minecraft:porkchop":64,"minecraft:diorite":14,"minecraft:redstone":63,"minecraft:weeping_vines":1,"minecraft:stone_shovel":3,"minecraft:arrow":48,"minecraft:rotten_flesh":27,"minecraft:stone_sword":6,"minecraft:peony":4,"minecraft:hay_block":13,"minecraft:red_tulip":1,"minecraft:saddle":1,"minecraft:mutton":27,"minecraft:white_wool":29,"minecraft:cobblestone":552,"minecraft:birch_log":56,"minecraft:lilac":1,"minecraft:feather":11,"minecraft:cooked_beef":4,"minecraft:crimson_stem":60,"minecraft:glow_ink_sac":11,"minecraft:birch_slab":14,"minecraft:salmon":1,"minecraft:andesite":9,"minecraft:leather":21,"minecraft:birch_planks":180,"minecraft:crimson_fungus":3,"minecraft:flint":3,"minecraft:tuff":1,"minecraft:oak_log":481,"minecraft:nether_wart_block":1,"minecraft:gunpowder":2,"minecraft:lapis_lazuli":74,"minecraft:dirt":2021,"minecraft:lantern":14,"minecraft:white_banner":7,"minecraft:cooked_mutton":1,"minecraft:bone":30,"minecraft:apple":15,"another_furniture:crimson_flower_box":1,"minecraft:bow":1,"minecraft:orange_tulip":6,"minecraft:wheat_seeds":61,"minecraft:raw_gold":62,"minecraft:stone_pickaxe":4,"minecraft:iron_ingot":3,"minecraft:cooked_chicken":4,"minecraft:oak_planks":174,"minecraft:soul_sand":33,"minecraft:oak_slab":19,"minecraft:warped_fungus":2,"minecraft:cooked_porkchop":28,"minecraft:pumpkin":15,"minecraft:quartz":33,"minecraft:gravel":6,"minecraft:sand":64,"minecraft:white_bed":20,"minecraft:spider_eye":1,"minecraft:diamond":1,"minecraft:stone_axe":4,"minecraft:iron_helmet":2,"minecraft:emerald":4,"minecraft:oak_button":1,"minecraft:oak_sapling":148,"minecraft:black_wool":1,"minecraft:netherrack":23,"minecraft:coal":384,"minecraft:crimson_roots":4,"minecraft:ender_pearl":1},"minecraft:used":{"minecraft:peony":3,"minecraft:oak_fence":31,"minecraft:oak_trapdoor":14,"minecraft:rose_bush":2,"minecraft:stone_sword":270,"minecraft:flint_and_steel":10,"minecraft:stone_shovel":485,"minecraft:ladder":11,"minecraft:iron_sword":183,"minecraft:cooked_chicken":5,"minecraft:rotten_flesh":3,"minecraft:netherrack":15,"minecraft:oak_door":7,"minecraft:torch":35,"minecraft:soul_sand":29,"minecraft:dirt":427,"minecraft:cobblestone_wall":22,"minecraft:tuff":1,"minecraft:red_tulip":1,"minecraft:lantern":15,"minecraft:iron_axe":426,"minecraft:oak_stairs":232,"minecraft:birch_sapling":1,"minecraft:crimson_roots":4,"another_furniture:crimson_flower_box":13,"minecraft:barrel":4,"minecraft:golden_sword":42,"minecraft:beef":1,"minecraft:soul_soil":5,"minecraft:furnace":8,"minecraft:oak_sapling":43,"minecraft:cooked_beef":4,"minecraft:cobbled_deepslate":100,"minecraft:cooked_mutton":22,"minecraft:water_bucket":4,"minecraft:diorite":11,"minecraft:birch_planks":120,"minecraft:oak_planks":282,"minecraft:stone_pickaxe":802,"minecraft:ender_pearl":1,"minecraft:wooden_pickaxe":116,"minecraft:golden_apple":1,"minecraft:oak_slab":97,"minecraft:crafting_table":25,"minecraft:blast_furnace":2,"minecraft:white_bed":21,"minecraft:smoker":1,"minecraft:oak_log":248,"minecraft:apple":8,"minecraft:birch_slab":42,"minecraft:melon_slice":19,"minecraft:oak_button":15,"minecraft:iron_pickaxe":320,"minecraft:gravel":3,"minecraft:lilac":1,"minecraft:stone_axe":657,"minecraft:nether_wart_block":1,"minecraft:cobblestone":217,"minecraft:porkchop":2,"minecraft:white_banner":1,"minecraft:cooked_porkchop":34,"minecraft:bucket":5,"minecraft:andesite":9,"minecraft:glass_pane":22},"minecraft:custom":{"minecraft:mob_kills":152,"minecraft:interact_with_crafting_table":108,"minecraft:open_barrel":99,"minecraft:leave_game":15,"minecraft:time_since_death":302424,"minecraft:climb_one_cm":30971,"minecraft:sprint_one_cm":1045197,"minecraft:walk_one_cm":2187616,"minecraft:drop":68,"minecraft:talked_to_villager":11,"minecraft:raid_win":1,"minecraft:play_time":575645,"minecraft:deaths":6,"minecraft:sneak_time":30923,"minecraft:walk_under_water_one_cm":32490,"minecraft:jump":7817,"minecraft:interact_with_blast_furnace":11,"minecraft:walk_on_water_one_cm":68763,"minecraft:total_world_time":575645,"minecraft:interact_with_furnace":65,"minecraft:traded_with_villager":4,"minecraft:raid_trigger":1,"minecraft:interact_with_stonecutter":1,"minecraft:sleep_in_bed":29,"minecraft:time_since_rest":27840,"minecraft:damage_taken":6141,"minecraft:damage_absorbed":40,"minecraft:damage_dealt":20674,"minecraft:swim_one_cm":69839,"minecraft:fly_one_cm":737272,"minecraft:open_chest":20,"minecraft:crouch_one_cm":81649,"minecraft:fall_one_cm":138564}},"DataVersion":3465}