{"stats":{"minecraft:mined":{"minecraft:tuff":1,"minecraft:white_bed":16,"minecraft:dark_oak_leaves":4,"minecraft:oak_door":3,"minecraft:sculk_vein":6,"minecraft:grass_block":419,"minecraft:crimson_roots":5,"minecraft:weeping_vines":2,"minecraft:soul_soil":14,"minecraft:birch_slab":2,"minecraft:crimson_fungus":3,"minecraft:crimson_stem":62,"minecraft:hay_block":12,"minecraft:weeping_vines_plant":2,"minecraft:furnace":5,"minecraft:iron_ore":131,"minecraft:fire":11,"minecraft:andesite":9,"minecraft:pumpkin":16,"minecraft:deepslate_lapis_ore":9,"minecraft:peony":2,"minecraft:sculk_shrieker":3,"minecraft:lantern":12,"minecraft:shroomlight":4,"minecraft:red_tulip":1,"minecraft:deepslate_iron_ore":27,"minecraft:dirt_path":1,"minecraft:oak_stairs":47,"minecraft:stone":359,"minecraft:deepslate_redstone_ore":15,"minecraft:oak_slab":13,"minecraft:soul_sand":35,"minecraft:soul_fire":7,"minecraft:powder_snow":1,"minecraft:oak_fence":4,"minecraft:clay":4,"minecraft:crafting_table":20,"minecraft:torch":13,"minecraft:melon":3,"minecraft:rose_bush":2,"minecraft:nether_quartz_ore":33,"minecraft:cobblestone":8,"minecraft:lapis_ore":2,"minecraft:deepslate_gold_ore":51,"minecraft:oak_planks":21,"minecraft:sculk":1,"minecraft:diorite":14,"minecraft:wall_torch":10,"minecraft:birch_planks":3,"minecraft:nether_wart_block":1,"minecraft:birch_log":41,"minecraft:lilac":1,"minecraft:warped_fungus":2,"minecraft:grass":37,"minecraft:coal_ore":237,"minecraft:oak_log":480,"minecraft:sunflower":6,"minecraft:gravel":5,"minecraft:sand":64,"minecraft:dirt":228,"minecraft:oak_button":1,"minecraft:netherrack":23,"minecraft:gold_ore":12,"minecraft:oak_leaves":84,"minecraft:deepslate":155},"minecraft:used":{"minecraft:oak_fence":31,"minecraft:peony":1,"minecraft:oak_trapdoor":14,"minecraft:stone_sword":270,"minecraft:rose_bush":2,"minecraft:flint_and_steel":10,"minecraft:stone_shovel":485,"minecraft:ladder":11,"minecraft:iron_sword":183,"minecraft:rotten_flesh":3,"minecraft:cooked_chicken":5,"minecraft:netherrack":15,"minecraft:oak_door":7,"minecraft:torch":35,"minecraft:soul_sand":29,"minecraft:dirt":401,"minecraft:cobblestone_wall":22,"minecraft:tuff":1,"minecraft:red_tulip":1,"minecraft:lantern":12,"minecraft:iron_axe":421,"minecraft:oak_stairs":232,"minecraft:birch_sapling":1,"minecraft:crimson_roots":4,"minecraft:barrel":4,"minecraft:golden_sword":42,"minecraft:beef":1,"minecraft:soul_soil":5,"minecraft:furnace":8,"minecraft:oak_sapling":43,"minecraft:cooked_beef":3,"minecraft:cobbled_deepslate":98,"minecraft:water_bucket":3,"minecraft:cooked_mutton":22,"minecraft:diorite":11,"minecraft:birch_planks":120,"minecraft:stone_pickaxe":752,"minecraft:oak_planks":282,"minecraft:ender_pearl":1,"minecraft:wooden_pickaxe":116,"minecraft:golden_apple":1,"minecraft:oak_slab":97,"minecraft:crafting_table":21,"minecraft:white_bed":19,"minecraft:oak_log":248,"minecraft:apple":8,"minecraft:birch_slab":42,"minecraft:melon_slice":19,"minecraft:oak_button":15,"minecraft:iron_pickaxe":297,"minecraft:lilac":1,"minecraft:stone_axe":657,"minecraft:nether_wart_block":1,"minecraft:cobblestone":131,"minecraft:white_banner":1,"minecraft:porkchop":2,"minecraft:cooked_porkchop":32,"minecraft:bucket":4,"minecraft:andesite":9,"minecraft:glass_pane":22},"minecraft:dropped":{"minecraft:iron_ingot":2,"minecraft:porkchop":1,"minecraft:wheat_seeds":2,"minecraft:golden_helmet":1,"minecraft:oak_log":1,"minecraft:diamond":1,"minecraft:crafting_table":1,"minecraft:orange_tulip":2,"minecraft:oak_fence":1,"minecraft:cobblestone":9,"minecraft:flint":1,"minecraft:emerald":2,"minecraft:dirt":250,"minecraft:white_banner":3,"minecraft:iron_axe":1,"minecraft:string":1,"minecraft:stone_axe":1,"minecraft:cooked_chicken":5,"minecraft:stone_sword":2,"minecraft:birch_sapling":6,"minecraft:rotten_flesh":7,"minecraft:oak_planks":26,"minecraft:white_bed":1,"minecraft:peony":1,"minecraft:golden_leggings":1,"minecraft:golden_sword":3,"minecraft:arrow":1},"minecraft:broken":{"minecraft:wooden_pickaxe":1,"minecraft:stone_pickaxe":5,"minecraft:golden_sword":1,"minecraft:iron_axe":2,"minecraft:stone_axe":5,"minecraft:stone_shovel":2},"minecraft:custom":{"minecraft:mob_kills":152,"minecraft:interact_with_crafting_table":98,"minecraft:open_barrel":62,"minecraft:leave_game":11,"minecraft:time_since_death":254270,"minecraft:climb_one_cm":27695,"minecraft:sprint_one_cm":1012182,"minecraft:walk_one_cm":2049012,"minecraft:drop":68,"minecraft:talked_to_villager":10,"minecraft:raid_win":1,"minecraft:play_time":527491,"minecraft:deaths":6,"minecraft:sneak_time":30283,"minecraft:walk_under_water_one_cm":31719,"minecraft:jump":7444,"minecraft:walk_on_water_one_cm":68610,"minecraft:total_world_time":527491,"minecraft:interact_with_furnace":56,"minecraft:traded_with_villager":4,"minecraft:raid_trigger":1,"minecraft:interact_with_stonecutter":1,"minecraft:sleep_in_bed":28,"minecraft:time_since_rest":65627,"minecraft:damage_taken":5936,"minecraft:damage_absorbed":40,"minecraft:damage_dealt":20674,"minecraft:swim_one_cm":69839,"minecraft:fly_one_cm":721842,"minecraft:open_chest":20,"minecraft:crouch_one_cm":80394,"minecraft:fall_one_cm":133687},"minecraft:picked_up":{"minecraft:crafting_table":21,"minecraft:iron_chestplate":2,"minecraft:azure_bluet":1,"minecraft:chicken":7,"minecraft:ladder":3,"minecraft:clay_ball":16,"minecraft:oak_stairs":55,"minecraft:potion":1,"minecraft:golden_sword":2,"minecraft:soul_soil":13,"minecraft:string":10,"minecraft:iron_axe":3,"minecraft:iron_leggings":2,"minecraft:shroomlight":4,"minecraft:cobbled_deepslate":142,"minecraft:beef":30,"minecraft:rose_bush":2,"minecraft:melon_slice":16,"minecraft:sugar_cane":5,"minecraft:birch_sapling":22,"minecraft:furnace":5,"minecraft:iron_boots":2,"minecraft:egg":6,"minecraft:stick":124,"minecraft:raw_iron":160,"minecraft:oak_door":4,"minecraft:oak_fence":5,"minecraft:torch":37,"minecraft:porkchop":64,"minecraft:diorite":14,"minecraft:redstone":63,"minecraft:weeping_vines":1,"minecraft:stone_shovel":3,"minecraft:rotten_flesh":27,"minecraft:arrow":48,"minecraft:stone_sword":6,"minecraft:peony":2,"minecraft:hay_block":13,"minecraft:red_tulip":1,"minecraft:saddle":1,"minecraft:mutton":27,"minecraft:cobblestone":493,"minecraft:white_wool":29,"minecraft:birch_log":56,"minecraft:glow_ink_sac":11,"minecraft:lilac":1,"minecraft:feather":11,"minecraft:cooked_beef":4,"minecraft:crimson_stem":60,"minecraft:andesite":9,"minecraft:birch_slab":14,"minecraft:salmon":1,"minecraft:leather":21,"minecraft:tuff":1,"minecraft:birch_planks":180,"minecraft:flint":3,"minecraft:crimson_fungus":3,"minecraft:oak_log":481,"minecraft:nether_wart_block":1,"minecraft:gunpowder":2,"minecraft:lapis_lazuli":74,"minecraft:dirt":1995,"minecraft:lantern":12,"minecraft:white_banner":7,"minecraft:cooked_mutton":1,"minecraft:bone":30,"minecraft:apple":15,"minecraft:bow":1,"minecraft:orange_tulip":6,"minecraft:wheat_seeds":61,"minecraft:raw_gold":62,"minecraft:stone_pickaxe":4,"minecraft:iron_ingot":3,"minecraft:cooked_chicken":4,"minecraft:soul_sand":33,"minecraft:oak_planks":174,"minecraft:oak_slab":19,"minecraft:warped_fungus":2,"minecraft:cooked_porkchop":28,"minecraft:pumpkin":15,"minecraft:quartz":33,"minecraft:gravel":3,"minecraft:sand":64,"minecraft:white_bed":18,"minecraft:spider_eye":1,"minecraft:diamond":1,"minecraft:stone_axe":4,"minecraft:iron_helmet":2,"minecraft:emerald":4,"minecraft:oak_button":1,"minecraft:oak_sapling":148,"minecraft:netherrack":23,"minecraft:black_wool":1,"minecraft:coal":384,"minecraft:crimson_roots":4,"minecraft:ender_pearl":1},"minecraft:crafted":{"minecraft:oak_door":6,"minecraft:oak_planks":899,"minecraft:stone_shovel":4,"minecraft:barrel":4,"minecraft:iron_nugget":9,"minecraft:cooked_chicken":7,"minecraft:birch_slab":48,"minecraft:furnace":5,"minecraft:cooked_mutton":21,"minecraft:oak_trapdoor":14,"minecraft:glass_pane":32,"minecraft:flint_and_steel":1,"minecraft:glass":64,"minecraft:lantern":1,"minecraft:iron_boots":1,"minecraft:ladder":12,"minecraft:stone_pickaxe":6,"minecraft:cobblestone_wall":24,"minecraft:oak_button":18,"minecraft:oak_fence":27,"minecraft:wheat":117,"minecraft:oak_slab":84,"minecraft:emerald":4,"minecraft:cooked_porkchop":49,"minecraft:crafting_table":4,"minecraft:wooden_pickaxe":2,"minecraft:iron_helmet":1,"minecraft:iron_sword":1,"minecraft:bucket":1,"minecraft:birch_planks":164,"minecraft:stone_axe":5,"minecraft:air":0,"minecraft:blue_dye":1,"minecraft:iron_chestplate":1,"minecraft:stick":52,"minecraft:iron_ingot":17,"minecraft:iron_pickaxe":2,"minecraft:oak_stairs":212,"minecraft:stone_sword":2,"minecraft:iron_leggings":1,"minecraft:white_bed":3,"minecraft:torch":28},"minecraft:killed_by":{"minecraft:pillager":1,"minecraft:ravager":2,"minecraft:drowned":1,"minecraft:skeleton":1},"minecraft:killed":{"minecraft:witch":1,"minecraft:vindicator":1,"minecraft:spider":5,"minecraft:skeleton":23,"minecraft:chicken":7,"minecraft:pig":28,"minecraft:zombie_villager":1,"minecraft:hoglin":2,"minecraft:creeper":1,"minecraft:sheep":18,"minecraft:pillager":7,"minecraft:goat":2,"minecraft:zombie":22,"minecraft:cow":14}},"DataVersion":3465}