{"stats":{"minecraft:picked_up":{"minecraft:iron_chestplate":5,"minecraft:black_carpet":1,"minecraft:oak_stairs":55,"minecraft:potion":1,"minecraft:crimson_planks":132,"minecraft:golden_sword":2,"minecraft:string":27,"minecraft:soul_soil":13,"minecraft:red_nether_bricks":1,"minecraft:iron_leggings":6,"minecraft:shroomlight":8,"minecraft:beetroot":46,"minecraft:smooth_stone":4,"bosses_of_mass_destruction:soul_star":3,"minecraft:gold_nugget":142,"minecraft:cobbled_deepslate":196,"minecraft:crimson_fence":1,"minecraft:spruce_planks":193,"minecraft:rose_bush":2,"minecraft:written_book":1,"minecraft:iron_pickaxe":8,"minecraft:melon_slice":16,"minecraft:iron_boots":4,"minecraft:furnace":6,"minecraft:tipped_arrow":3,"minecraft:golden_helmet":2,"minecraft:stick":146,"minecraft:oak_fence":9,"minecraft:torch":43,"minecraft:porkchop":105,"minecraft:diorite":14,"minecraft:stone_sword":8,"minecraft:rotten_flesh":51,"minecraft:red_tulip":1,"minecraft:obsidian":4,"minecraft:cobblestone":736,"minecraft:birch_log":63,"minecraft:pink_petals":30,"minecraft:feather":13,"minecraft:cooked_beef":4,"minecraft:lilac":1,"minecraft:birch_slab":14,"minecraft:andesite":9,"minecraft:brown_wool":2,"minecraft:potato":13,"minecraft:flint":3,"minecraft:tuff":1,"minecraft:mangrove_slab":1,"minecraft:lapis_lazuli":74,"minecraft:dirt":2683,"minecraft:lantern":17,"minecraft:glass":52,"minecraft:twisting_vines":3,"another_furniture:dark_oak_shutter":2,"minecraft:bone":92,"minecraft:bow":4,"minecraft:orange_tulip":6,"minecraft:wheat_seeds":71,"minecraft:raw_gold":62,"another_furniture:white_lamp":9,"minecraft:oak_planks":174,"minecraft:cooked_porkchop":53,"minecraft:warped_wart_block":2,"minecraft:sand":65,"minecraft:dark_oak_log":265,"minecraft:mossy_cobblestone":5,"minecraft:diamond":1,"minecraft:crossbow":4,"minecraft:grass":5,"minecraft:golden_apple":2,"minecraft:emerald":41,"minecraft:bread":14,"minecraft:oak_sapling":149,"minecraft:netherrack":193,"minecraft:crimson_roots":4,"minecraft:crafting_table":26,"minecraft:azure_bluet":2,"minecraft:nether_wart":14,"minecraft:chicken":17,"minecraft:ladder":4,"minecraft:clay_ball":16,"minecraft:brown_mushroom":7,"minecraft:wooden_pickaxe":4,"minecraft:shield":4,"minecraft:cornflower":2,"minecraft:oak_trapdoor":5,"minecraft:iron_axe":8,"minecraft:item_frame":4,"minecraft:blackstone":12,"minecraft:glass_pane":10,"simplyswords:iron_longsword":8,"minecraft:beef":61,"minecraft:oak_boat":3,"minecraft:poppy":15,"minecraft:lectern":1,"minecraft:sugar_cane":5,"minecraft:chest":1,"minecraft:birch_sapling":23,"minecraft:egg":14,"minecraft:raw_iron":182,"minecraft:oak_door":7,"minecraft:spruce_fence":8,"minecraft:cake":2,"minecraft:carrot":52,"minecraft:redstone":63,"minecraft:dark_oak_planks":132,"minecraft:arrow":178,"minecraft:weeping_vines":1,"minecraft:stone_shovel":3,"minecraft:beetroot_seeds":3,"minecraft:pumpkin_pie":4,"minecraft:peony":4,"minecraft:nether_bricks":3,"minecraft:hay_block":25,"minecraft:saddle":4,"minecraft:gold_ingot":144,"minecraft:mutton":41,"minecraft:nether_brick_wall":3,"another_furniture:pink_curtain":3,"minecraft:white_wool":64,"minecraft:oxeye_daisy":1,"minecraft:birch_leaves":2,"minecraft:basalt":103,"minecraft:glow_ink_sac":11,"minecraft:crimson_stem":70,"minecraft:salmon":1,"minecraft:leather":39,"minecraft:birch_planks":180,"minecraft:crimson_fungus":3,"minecraft:oak_log":481,"minecraft:cobblestone_wall":2,"minecraft:nether_wart_block":1,"minecraft:gunpowder":2,"minecraft:blue_bed":12,"minecraft:white_banner":7,"minecraft:cooked_mutton":6,"minecraft:apple":23,"minecraft:gray_carpet":3,"another_furniture:crimson_flower_box":3,"minecraft:warped_stem":11,"minecraft:stone_pickaxe":4,"minecraft:iron_ingot":89,"minecraft:cooked_chicken":4,"minecraft:glass_bottle":1,"minecraft:soul_sand":33,"minecraft:oak_slab":22,"minecraft:warped_fungus":3,"minecraft:dark_oak_slab":14,"minecraft:pumpkin":15,"simplyswords:iron_greataxe":3,"minecraft:quartz":61,"minecraft:dandelion":17,"minecraft:gravel":28,"another_furniture:dark_oak_chair":1,"minecraft:spruce_sapling":6,"minecraft:white_bed":20,"minecraft:spruce_log":125,"minecraft:spider_eye":6,"morebows:stone_bow":2,"minecraft:stone_axe":4,"minecraft:iron_helmet":5,"immersive_melodies:didgeridoo":2,"minecraft:gray_wool":2,"minecraft:warped_roots":7,"minecraft:oak_button":5,"minecraft:black_wool":6,"minecraft:warped_nylium":3,"minecraft:coal":396,"minecraft:pink_dye":15,"minecraft:ender_pearl":6},"minecraft:killed_by":{"minecraft:creeper":1,"minecraft:pillager":1,"minecraft:ravager":2,"minecraft:drowned":1,"minecraft:husk":7,"minecraft:player":2,"minecraft:enderman":1,"adventurez:blaze_guardian":4,"minecraft:skeleton":2},"minecraft:mined":{"minecraft:dark_oak_planks":18,"minecraft:white_bed":18,"minecraft:sculk_vein":6,"minecraft:grass_block":552,"minecraft:soul_soil":14,"minecraft:crimson_fungus":3,"minecraft:nether_wart":1,"minecraft:oxeye_daisy":1,"minecraft:weeping_vines_plant":2,"minecraft:iron_ore":145,"minecraft:fire":32,"minecraft:pumpkin":16,"minecraft:deepslate_lapis_ore":9,"minecraft:azure_bluet":1,"minecraft:twisting_vines":1,"minecraft:sculk_shrieker":3,"minecraft:red_tulip":1,"minecraft:dirt_path":1,"minecraft:oak_stairs":47,"another_furniture:white_lamp":5,"minecraft:deepslate_redstone_ore":15,"minecraft:blackstone":4,"minecraft:twisting_vines_plant":1,"minecraft:soul_fire":7,"minecraft:powder_snow":1,"minecraft:clay":4,"minecraft:torch":15,"minecraft:poppy":9,"minecraft:melon":3,"minecraft:chest":1,"minecraft:dead_bush":1,"minecraft:mushroom_stem":1,"minecraft:nether_quartz_ore":47,"minecraft:cobblestone":9,"minecraft:oak_planks":21,"minecraft:wall_torch":12,"minecraft:pink_petals":12,"minecraft:warped_nylium":1,"minecraft:nether_wart_block":1,"minecraft:birch_log":41,"minecraft:lilac":1,"minecraft:warped_fungus":2,"minecraft:grass":49,"minecraft:oak_log":480,"minecraft:beetroots":1,"minecraft:sand":64,"minecraft:dirt":398,"minecraft:crimson_planks":1,"minecraft:red_mushroom_block":2,"minecraft:netherrack":76,"another_furniture:crimson_flower_box":2,"minecraft:oak_leaves":104,"minecraft:deepslate":155,"minecraft:nether_gold_ore":19,"another_furniture:dark_oak_chair":1,"minecraft:tuff":1,"minecraft:light_gray_stained_glass_pane":2,"minecraft:mossy_cobblestone":5,"minecraft:dark_oak_leaves":13,"minecraft:oak_door":3,"minecraft:nether_brick_wall":1,"minecraft:dark_oak_log":119,"minecraft:nether_bricks":3,"minecraft:spruce_fence":9,"minecraft:crimson_roots":5,"minecraft:weeping_vines":2,"minecraft:birch_slab":2,"minecraft:spruce_leaves":45,"minecraft:crimson_stem":67,"minecraft:large_fern":1,"minecraft:hay_block":24,"minecraft:oak_trapdoor":5,"minecraft:furnace":6,"minecraft:andesite":9,"minecraft:peony":4,"minecraft:deepslate_iron_ore":27,"minecraft:shroomlight":4,"minecraft:warped_stem":11,"minecraft:lantern":14,"minecraft:stone":467,"minecraft:oak_slab":13,"minecraft:soul_sand":35,"minecraft:basalt":28,"minecraft:dandelion":17,"minecraft:oak_fence":8,"minecraft:crafting_table":24,"minecraft:cornflower":2,"minecraft:rose_bush":2,"minecraft:tall_grass":6,"minecraft:deepslate_gold_ore":51,"minecraft:lapis_ore":2,"minecraft:sculk":1,"minecraft:diorite":14,"minecraft:blue_bed":6,"minecraft:warped_wart_block":2,"another_furniture:dark_oak_shutter":2,"minecraft:birch_planks":3,"minecraft:spruce_log":126,"minecraft:birch_leaves":10,"minecraft:coal_ore":237,"minecraft:sunflower":6,"minecraft:gravel":8,"minecraft:cobweb":2,"minecraft:oak_button":1,"minecraft:crimson_fence":1,"minecraft:gold_ore":12,"minecraft:fern":8},"minecraft:used":{"minecraft:beetroot":13,"minecraft:peony":3,"minecraft:iron_shovel":394,"minecraft:ladder":11,"minecraft:chest":7,"minecraft:shield":32,"minecraft:iron_sword":200,"minecraft:grass":5,"minecraft:rotten_flesh":12,"minecraft:soul_sand":29,"minecraft:mutton":2,"minecraft:carrot":9,"minecraft:tuff":1,"another_furniture:dark_oak_shelf":3,"morebows:stone_bow":3,"minecraft:lantern":22,"minecraft:birch_sapling":1,"minecraft:warped_nylium":2,"simplyswords:iron_longsword":224,"minecraft:crimson_roots":4,"another_furniture:crimson_flower_box":16,"minecraft:item_frame":1,"minecraft:golden_sword":42,"minecraft:bow":45,"minecraft:furnace":8,"minecraft:oak_sapling":44,"minecraft:egg":1,"minecraft:diorite":11,"minecraft:birch_leaves":2,"minecraft:stone_pickaxe":802,"minecraft:oak_planks":282,"minecraft:ender_pearl":1,"minecraft:wooden_pickaxe":116,"minecraft:blue_bed":5,"minecraft:golden_apple":1,"minecraft:sand":1,"minecraft:blast_furnace":2,"simplyswords:iron_halberd":141,"minecraft:shears":8,"minecraft:dark_oak_log":13,"minecraft:bread":6,"minecraft:birch_slab":42,"minecraft:melon_slice":19,"another_furniture:dark_oak_drawer":2,"another_furniture:white_lamp":11,"minecraft:gravel":14,"minecraft:lilac":1,"minecraft:nether_wart_block":1,"minecraft:birch_log":7,"minecraft:andesite":9,"minecraft:oak_boat":2,"minecraft:oak_fence":35,"minecraft:oak_trapdoor":19,"minecraft:rose_bush":2,"minecraft:stone_sword":270,"minecraft:flint_and_steel":10,"minecraft:stone_shovel":540,"another_furniture:pink_curtain":3,"another_furniture:dark_oak_chair":5,"minecraft:cooked_chicken":9,"minecraft:netherrack":20,"minecraft:oak_door":7,"minecraft:torch":39,"minecraft:dirt":799,"minecraft:warped_wart_block":1,"minecraft:cobblestone_wall":22,"minecraft:spruce_fence":8,"minecraft:dark_oak_planks":18,"minecraft:red_tulip":1,"minecraft:oak_stairs":232,"another_furniture:dark_oak_shutter":6,"minecraft:iron_axe":1011,"minecraft:crimson_planks":1,"minecraft:barrel":4,"minecraft:beef":8,"minecraft:soul_soil":5,"minecraft:cooked_beef":6,"minecraft:cobbled_deepslate":100,"minecraft:iron_leggings":1,"minecraft:cooked_mutton":25,"minecraft:water_bucket":4,"another_furniture:birch_bench":9,"minecraft:birch_planks":120,"minecraft:red_nether_bricks":1,"minecraft:mossy_cobblestone":5,"minecraft:crafting_table":26,"minecraft:oak_slab":97,"another_furniture:oak_table":4,"simplyswords:iron_greataxe":51,"minecraft:white_bed":21,"minecraft:cake":2,"bosses_of_mass_destruction:soul_star":1,"minecraft:smoker":1,"minecraft:spruce_log":11,"minecraft:oak_log":248,"minecraft:apple":13,"minecraft:oak_button":15,"minecraft:iron_pickaxe":714,"minecraft:spruce_sapling":6,"minecraft:stone_axe":657,"minecraft:pink_petals":6,"minecraft:cobblestone":217,"minecraft:porkchop":2,"minecraft:white_banner":1,"minecraft:cooked_porkchop":57,"minecraft:bucket":5,"minecraft:pumpkin_pie":4,"minecraft:glass_pane":22},"minecraft:dropped":{"minecraft:porkchop":1,"minecraft:oak_log":1,"minecraft:diamond":1,"minecraft:crafting_table":1,"minecraft:orange_tulip":2,"minecraft:crossbow":1,"simplyswords:iron_halberd":1,"minecraft:saddle":1,"minecraft:item_frame":2,"minecraft:flint":1,"minecraft:emerald":26,"minecraft:dirt":250,"minecraft:dark_oak_log":1,"minecraft:iron_pickaxe":1,"minecraft:dark_oak_planks":5,"minecraft:gold_ingot":12,"minecraft:stone_axe":1,"minecraft:cooked_chicken":5,"minecraft:birch_sapling":6,"minecraft:rotten_flesh":18,"minecraft:oak_planks":26,"minecraft:cooked_mutton":1,"minecraft:white_bed":1,"minecraft:carrot":1,"bosses_of_mass_destruction:soul_star":1,"morebows:stone_bow":1,"minecraft:beetroot_seeds":3,"minecraft:arrow":8,"minecraft:iron_ingot":6,"minecraft:wheat_seeds":10,"minecraft:golden_helmet":3,"minecraft:oak_fence":1,"minecraft:cobblestone":9,"minecraft:stick":10,"minecraft:iron_axe":1,"minecraft:white_banner":3,"minecraft:string":1,"minecraft:gray_carpet":1,"minecraft:stone_sword":2,"minecraft:peony":1,"minecraft:spruce_planks":1,"another_furniture:crimson_flower_box":1,"minecraft:golden_leggings":1,"minecraft:golden_sword":3,"simplyswords:iron_longsword":2,"minecraft:bow":1,"minecraft:wooden_pickaxe":2},"minecraft:custom":{"minecraft:interact_with_crafting_table":151,"minecraft:open_barrel":295,"minecraft:eat_cake_slice":14,"minecraft:leave_game":25,"minecraft:time_since_death":147541,"minecraft:damage_resisted":10,"minecraft:sprint_one_cm":1629772,"minecraft:damage_blocked_by_shield":940,"minecraft:drop":106,"minecraft:play_noteblock":1,"minecraft:talked_to_villager":11,"minecraft:play_time":897096,"minecraft:deaths":23,"minecraft:jump":11923,"minecraft:walk_on_water_one_cm":94849,"minecraft:interact_with_furnace":65,"minecraft:traded_with_villager":4,"minecraft:sleep_in_bed":40,"minecraft:damage_dealt":42199,"minecraft:player_kills":2,"minecraft:crouch_one_cm":86307,"minecraft:interact_with_smoker":15,"minecraft:mob_kills":283,"minecraft:climb_one_cm":63647,"minecraft:walk_one_cm":3635971,"minecraft:raid_win":1,"minecraft:sneak_time":33439,"minecraft:walk_under_water_one_cm":46641,"minecraft:boat_one_cm":64039,"minecraft:interact_with_lectern":1,"minecraft:interact_with_blast_furnace":29,"minecraft:total_world_time":897096,"minecraft:tune_noteblock":6,"minecraft:raid_trigger":1,"minecraft:interact_with_stonecutter":1,"minecraft:time_since_rest":3774,"minecraft:damage_taken":15691,"minecraft:damage_absorbed":40,"minecraft:swim_one_cm":112471,"minecraft:fly_one_cm":1084923,"minecraft:open_chest":71,"minecraft:fall_one_cm":222278},"minecraft:broken":{"minecraft:iron_shovel":1,"minecraft:iron_boots":1,"minecraft:iron_chestplate":1,"minecraft:iron_leggings":1,"minecraft:stone_pickaxe":5,"minecraft:golden_sword":1,"minecraft:stone_axe":5,"minecraft:stone_shovel":4,"minecraft:wooden_pickaxe":1,"simplyswords:iron_longsword":1,"minecraft:iron_axe":4,"minecraft:iron_pickaxe":1,"minecraft:iron_helmet":1},"minecraft:killed":{"minecraft:cave_spider":1,"minecraft:witch":1,"minecraft:spider":19,"minecraft:skeleton":40,"minecraft:chicken":13,"minecraft:pig":49,"minecraft:zombie_villager":3,"minecraft:creeper":1,"minecraft:sheep":26,"minecraft:pillager":8,"minecraft:goat":2,"minecraft:zombie":44,"minecraft:stray":8,"minecraft:cow":27,"minecraft:vindicator":2,"adventurez:piglin_beast":1,"minecraft:husk":8,"minecraft:hoglin":2,"minecraft:player":1,"minecraft:enderman":2},"minecraft:crafted":{"minecraft:smooth_stone":10,"minecraft:oak_planks":899,"minecraft:barrel":4,"minecraft:cooked_chicken":12,"minecraft:birch_slab":66,"minecraft:stone":18,"another_furniture:dark_oak_shelf":3,"simplyswords:iron_longsword":1,"minecraft:cooked_mutton":33,"simplyswords:iron_greataxe":1,"minecraft:glass":64,"minecraft:iron_boots":3,"morebows:stone_bow":1,"minecraft:chest":6,"another_furniture:dark_oak_shutter":4,"another_furniture:pink_curtain":3,"minecraft:oak_button":18,"minecraft:oak_fence":27,"minecraft:smoker":1,"minecraft:oak_slab":114,"minecraft:emerald":4,"minecraft:cooked_porkchop":89,"minecraft:crafting_table":4,"minecraft:spruce_planks":256,"minecraft:wooden_pickaxe":2,"minecraft:iron_helmet":3,"another_furniture:white_lamp":6,"minecraft:birch_planks":164,"another_furniture:crimson_flower_box":15,"minecraft:dark_oak_slab":18,"minecraft:iron_chestplate":3,"minecraft:shield":2,"minecraft:stick":96,"minecraft:iron_ingot":159,"minecraft:iron_pickaxe":6,"minecraft:stone_sword":2,"minecraft:gold_ingot":34,"another_furniture:white_curtain":3,"minecraft:shears":1,"minecraft:oak_door":6,"minecraft:stone_shovel":4,"minecraft:iron_nugget":63,"another_furniture:dark_oak_chair":6,"another_furniture:oak_table":6,"minecraft:furnace":6,"minecraft:blast_furnace":2,"minecraft:pink_dye":18,"minecraft:oak_trapdoor":14,"minecraft:glass_pane":32,"minecraft:flint_and_steel":1,"minecraft:lantern":6,"another_furniture:dark_oak_drawer":2,"minecraft:ladder":12,"minecraft:stone_pickaxe":7,"minecraft:cobblestone_wall":24,"minecraft:dark_oak_planks":108,"minecraft:wheat":117,"minecraft:cooked_beef":34,"minecraft:crimson_planks":240,"minecraft:crimson_slab":60,"simplyswords:iron_halberd":1,"minecraft:iron_sword":1,"another_furniture:birch_bench":9,"minecraft:bucket":1,"minecraft:stone_axe":5,"minecraft:air":0,"minecraft:blue_dye":1,"minecraft:oak_stairs":212,"minecraft:iron_shovel":2,"minecraft:iron_leggings":4,"minecraft:white_bed":3,"minecraft:torch":28}},"DataVersion":3465}