{"stats":{"minecraft:mined":{"minecraft:white_bed":9,"minecraft:grass_block":347,"minecraft:hay_block":12,"minecraft:furnace":3,"minecraft:fire":11,"minecraft:iron_ore":11,"minecraft:andesite":9,"minecraft:peony":1,"minecraft:red_tulip":1,"minecraft:deepslate_iron_ore":5,"minecraft:stone":145,"minecraft:crafting_table":12,"minecraft:torch":6,"minecraft:melon":3,"minecraft:rose_bush":2,"minecraft:cobblestone":8,"minecraft:deepslate_gold_ore":22,"minecraft:lapis_ore":2,"minecraft:oak_planks":9,"minecraft:diorite":11,"minecraft:wall_torch":3,"minecraft:birch_log":29,"minecraft:lilac":1,"minecraft:grass":34,"minecraft:oak_log":210,"minecraft:coal_ore":78,"minecraft:gravel":4,"minecraft:sunflower":6,"minecraft:dirt":79,"minecraft:gold_ore":7,"minecraft:oak_leaves":43,"minecraft:deepslate":90},"minecraft:used":{"minecraft:peony":1,"minecraft:rose_bush":2,"minecraft:stone_sword":237,"minecraft:flint_and_steel":10,"minecraft:stone_shovel":397,"minecraft:cooked_chicken":5,"minecraft:rotten_flesh":3,"minecraft:torch":21,"minecraft:dirt":37,"minecraft:red_tulip":1,"minecraft:oak_stairs":30,"minecraft:birch_sapling":1,"minecraft:oak_sapling":4,"minecraft:furnace":6,"minecraft:cooked_beef":3,"minecraft:cobbled_deepslate":65,"minecraft:cooked_mutton":6,"minecraft:diorite":8,"minecraft:stone_pickaxe":217,"minecraft:oak_planks":112,"minecraft:ender_pearl":1,"minecraft:wooden_pickaxe":116,"minecraft:oak_slab":11,"minecraft:crafting_table":13,"minecraft:white_bed":11,"minecraft:oak_log":111,"minecraft:melon_slice":19,"minecraft:iron_pickaxe":71,"minecraft:lilac":1,"minecraft:stone_axe":267,"minecraft:cobblestone":78,"minecraft:cooked_porkchop":9,"minecraft:porkchop":2,"minecraft:andesite":9},"minecraft:dropped":{"minecraft:porkchop":1,"minecraft:oak_log":1,"minecraft:diamond":1,"minecraft:crafting_table":1,"minecraft:cobblestone":8,"minecraft:flint":1,"minecraft:dirt":2,"minecraft:stone_sword":2,"minecraft:rotten_flesh":4,"minecraft:oak_planks":26,"minecraft:white_bed":1},"minecraft:broken":{"minecraft:wooden_pickaxe":1,"minecraft:stone_pickaxe":1,"minecraft:stone_axe":2,"minecraft:stone_shovel":2},"minecraft:custom":{"minecraft:mob_kills":54,"minecraft:interact_with_crafting_table":33,"minecraft:leave_game":7,"minecraft:time_since_death":84334,"minecraft:climb_one_cm":2385,"minecraft:sprint_one_cm":572885,"minecraft:walk_one_cm":649725,"minecraft:drop":13,"minecraft:talked_to_villager":5,"minecraft:play_time":194925,"minecraft:deaths":3,"minecraft:sneak_time":3197,"minecraft:walk_under_water_one_cm":11665,"minecraft:jump":3225,"minecraft:walk_on_water_one_cm":28287,"minecraft:total_world_time":194925,"minecraft:interact_with_furnace":26,"minecraft:traded_with_villager":4,"minecraft:interact_with_stonecutter":1,"minecraft:sleep_in_bed":11,"minecraft:time_since_rest":14856,"minecraft:damage_taken":2038,"minecraft:damage_dealt":5612,"minecraft:swim_one_cm":52074,"minecraft:fly_one_cm":441683,"minecraft:open_chest":1,"minecraft:crouch_one_cm":7887,"minecraft:fall_one_cm":60729},"minecraft:picked_up":{"minecraft:crafting_table":13,"minecraft:azure_bluet":1,"minecraft:chicken":2,"minecraft:string":3,"minecraft:cobbled_deepslate":65,"minecraft:beef":10,"minecraft:rose_bush":2,"minecraft:melon_slice":16,"minecraft:sugar_cane":5,"minecraft:birch_sapling":6,"minecraft:furnace":3,"minecraft:egg":1,"minecraft:raw_iron":18,"minecraft:stick":27,"minecraft:torch":13,"minecraft:porkchop":24,"minecraft:diorite":11,"minecraft:stone_sword":3,"minecraft:arrow":7,"minecraft:rotten_flesh":16,"minecraft:peony":1,"minecraft:hay_block":12,"minecraft:red_tulip":1,"minecraft:mutton":14,"minecraft:cobblestone":161,"minecraft:white_wool":11,"minecraft:birch_log":29,"minecraft:lilac":1,"minecraft:feather":7,"minecraft:cooked_beef":4,"minecraft:salmon":1,"minecraft:andesite":9,"minecraft:leather":8,"minecraft:flint":3,"minecraft:oak_log":210,"minecraft:lapis_lazuli":10,"minecraft:dirt":487,"minecraft:cooked_mutton":1,"minecraft:bone":3,"minecraft:apple":1,"minecraft:wheat_seeds":17,"minecraft:orange_tulip":2,"minecraft:raw_gold":28,"minecraft:iron_ingot":1,"minecraft:stone_pickaxe":1,"minecraft:cooked_chicken":4,"minecraft:oak_planks":47,"minecraft:gravel":3,"minecraft:white_bed":11,"minecraft:diamond":1,"minecraft:oak_sapling":24,"minecraft:black_wool":1,"minecraft:coal":196,"minecraft:ender_pearl":1},"minecraft:crafted":{"minecraft:oak_planks":260,"minecraft:stone_shovel":3,"minecraft:cooked_chicken":2,"minecraft:furnace":4,"minecraft:cooked_mutton":8,"minecraft:flint_and_steel":1,"minecraft:stone_pickaxe":2,"minecraft:wheat":108,"minecraft:oak_slab":18,"minecraft:emerald":4,"minecraft:cooked_porkchop":9,"minecraft:crafting_table":3,"minecraft:wooden_pickaxe":2,"minecraft:stone_axe":3,"minecraft:air":0,"minecraft:blue_dye":1,"minecraft:stick":28,"minecraft:iron_ingot":3,"minecraft:iron_pickaxe":1,"minecraft:oak_stairs":40,"minecraft:stone_sword":2,"minecraft:white_bed":2,"minecraft:torch":24},"minecraft:killed_by":{"minecraft:drowned":1,"minecraft:skeleton":1},"minecraft:killed":{"minecraft:spider":1,"minecraft:skeleton":1,"minecraft:chicken":2,"minecraft:pig":11,"minecraft:zombie_villager":1,"minecraft:creeper":1,"minecraft:sheep":9,"minecraft:zombie":9,"minecraft:cow":5}},"DataVersion":3465}