{"stats":{"minecraft:mined":{"minecraft:white_bed":4,"minecraft:crafting_table":7,"minecraft:torch":4,"minecraft:grass_block":5,"minecraft:lapis_ore":2,"minecraft:deepslate_gold_ore":22,"minecraft:diorite":11,"minecraft:wall_torch":1,"minecraft:hay_block":12,"minecraft:furnace":1,"minecraft:iron_ore":11,"minecraft:fire":11,"minecraft:andesite":9,"minecraft:grass":12,"minecraft:coal_ore":78,"minecraft:red_tulip":1,"minecraft:oak_log":15,"minecraft:deepslate_iron_ore":5,"minecraft:sunflower":6,"minecraft:gravel":4,"minecraft:dirt":6,"minecraft:stone":97,"minecraft:gold_ore":7,"minecraft:deepslate":90},"minecraft:used":{"minecraft:cooked_mutton":1,"minecraft:diorite":8,"minecraft:stone_sword":150,"minecraft:flint_and_steel":10,"minecraft:stone_pickaxe":158,"minecraft:wooden_pickaxe":116,"minecraft:cooked_chicken":5,"minecraft:torch":17,"minecraft:dirt":10,"minecraft:crafting_table":7,"minecraft:white_bed":5,"minecraft:red_tulip":1,"minecraft:iron_pickaxe":71,"minecraft:cobblestone":33,"minecraft:oak_sapling":1,"minecraft:furnace":3,"minecraft:cooked_porkchop":6,"minecraft:andesite":9,"minecraft:cooked_beef":3,"minecraft:cobbled_deepslate":65},"minecraft:dropped":{"minecraft:diamond":1,"minecraft:cobblestone":8,"minecraft:white_bed":1,"minecraft:flint":1,"minecraft:dirt":2},"minecraft:broken":{"minecraft:stone_pickaxe":1,"minecraft:wooden_pickaxe":1},"minecraft:custom":{"minecraft:interact_with_furnace":15,"minecraft:mob_kills":31,"minecraft:traded_with_villager":4,"minecraft:interact_with_crafting_table":15,"minecraft:interact_with_stonecutter":1,"minecraft:leave_game":6,"minecraft:time_since_death":11931,"minecraft:sleep_in_bed":6,"minecraft:climb_one_cm":1811,"minecraft:time_since_rest":12680,"minecraft:sprint_one_cm":308112,"minecraft:damage_taken":1325,"minecraft:walk_one_cm":340073,"minecraft:drop":6,"minecraft:damage_dealt":3245,"minecraft:swim_one_cm":28138,"minecraft:talked_to_villager":5,"minecraft:fly_one_cm":238679,"minecraft:crouch_one_cm":1017,"minecraft:play_time":107764,"minecraft:sneak_time":919,"minecraft:deaths":2,"minecraft:walk_under_water_one_cm":8831,"minecraft:jump":1819,"minecraft:walk_on_water_one_cm":21789,"minecraft:total_world_time":107764,"minecraft:fall_one_cm":34256},"minecraft:picked_up":{"minecraft:crafting_table":7,"minecraft:feather":7,"minecraft:azure_bluet":1,"minecraft:cooked_beef":4,"minecraft:chicken":2,"minecraft:andesite":9,"minecraft:salmon":1,"minecraft:leather":8,"minecraft:flint":3,"minecraft:oak_log":15,"minecraft:string":1,"minecraft:lapis_lazuli":10,"minecraft:dirt":12,"minecraft:bone":1,"minecraft:wheat_seeds":1,"minecraft:cobbled_deepslate":65,"minecraft:raw_gold":28,"minecraft:iron_ingot":1,"minecraft:beef":10,"minecraft:cooked_chicken":4,"minecraft:sugar_cane":5,"minecraft:oak_planks":5,"minecraft:furnace":1,"minecraft:raw_iron":18,"minecraft:torch":5,"minecraft:gravel":3,"minecraft:porkchop":11,"minecraft:diorite":11,"minecraft:white_bed":6,"minecraft:arrow":3,"minecraft:rotten_flesh":7,"minecraft:diamond":1,"minecraft:hay_block":12,"minecraft:red_tulip":1,"minecraft:oak_sapling":1,"minecraft:black_wool":1,"minecraft:mutton":7,"minecraft:coal":78,"minecraft:white_wool":5,"minecraft:cobblestone":94},"minecraft:crafted":{"minecraft:oak_planks":60,"minecraft:emerald":4,"minecraft:cooked_porkchop":6,"minecraft:crafting_table":2,"minecraft:wooden_pickaxe":2,"minecraft:cooked_chicken":2,"minecraft:furnace":3,"minecraft:cooked_mutton":1,"minecraft:flint_and_steel":1,"minecraft:blue_dye":1,"minecraft:stick":20,"minecraft:iron_ingot":3,"minecraft:iron_pickaxe":1,"minecraft:stone_pickaxe":2,"minecraft:stone_sword":2,"minecraft:white_bed":1,"minecraft:torch":24,"minecraft:wheat":108},"minecraft:killed_by":{"minecraft:drowned":1},"minecraft:killed":{"minecraft:pig":5,"minecraft:zombie_villager":1,"minecraft:spider":1,"minecraft:creeper":1,"minecraft:sheep":5,"minecraft:skeleton":1,"minecraft:zombie":5,"minecraft:chicken":2,"minecraft:cow":5}},"DataVersion":3465}