{"stats":{"minecraft:mined":{"minecraft:white_bed":11,"minecraft:oak_door":3,"minecraft:grass_block":418,"minecraft:birch_slab":2,"minecraft:hay_block":12,"minecraft:furnace":4,"minecraft:fire":11,"minecraft:iron_ore":11,"minecraft:andesite":9,"minecraft:peony":2,"minecraft:dirt_path":1,"minecraft:red_tulip":1,"minecraft:deepslate_iron_ore":5,"minecraft:oak_stairs":47,"minecraft:stone":191,"minecraft:oak_slab":13,"minecraft:oak_fence":4,"minecraft:crafting_table":18,"minecraft:torch":7,"minecraft:melon":3,"minecraft:rose_bush":2,"minecraft:cobblestone":8,"minecraft:deepslate_gold_ore":22,"minecraft:lapis_ore":2,"minecraft:oak_planks":21,"minecraft:diorite":11,"minecraft:wall_torch":9,"minecraft:birch_planks":3,"minecraft:birch_log":41,"minecraft:lilac":1,"minecraft:grass":35,"minecraft:coal_ore":78,"minecraft:oak_log":480,"minecraft:sunflower":6,"minecraft:gravel":4,"minecraft:dirt":201,"minecraft:oak_button":1,"minecraft:gold_ore":7,"minecraft:oak_leaves":84,"minecraft:deepslate":90},"minecraft:used":{"minecraft:oak_trapdoor":14,"minecraft:peony":1,"minecraft:oak_fence":31,"minecraft:stone_sword":270,"minecraft:rose_bush":2,"minecraft:flint_and_steel":10,"minecraft:stone_shovel":485,"minecraft:ladder":11,"minecraft:rotten_flesh":3,"minecraft:cooked_chicken":5,"minecraft:oak_door":7,"minecraft:torch":28,"minecraft:dirt":255,"minecraft:cobblestone_wall":22,"minecraft:red_tulip":1,"minecraft:iron_axe":243,"minecraft:oak_stairs":232,"minecraft:birch_sapling":1,"minecraft:barrel":4,"minecraft:oak_sapling":43,"minecraft:furnace":7,"minecraft:cooked_beef":3,"minecraft:cobbled_deepslate":65,"minecraft:cooked_mutton":9,"minecraft:diorite":8,"minecraft:birch_planks":120,"minecraft:stone_pickaxe":264,"minecraft:oak_planks":282,"minecraft:ender_pearl":1,"minecraft:wooden_pickaxe":116,"minecraft:oak_slab":97,"minecraft:crafting_table":19,"minecraft:white_bed":13,"minecraft:oak_log":248,"minecraft:apple":8,"minecraft:birch_slab":42,"minecraft:melon_slice":19,"minecraft:oak_button":15,"minecraft:iron_pickaxe":71,"minecraft:lilac":1,"minecraft:stone_axe":657,"minecraft:cobblestone":87,"minecraft:white_banner":1,"minecraft:porkchop":2,"minecraft:cooked_porkchop":13,"minecraft:andesite":9},"minecraft:dropped":{"minecraft:iron_ingot":2,"minecraft:porkchop":1,"minecraft:oak_log":1,"minecraft:diamond":1,"minecraft:crafting_table":1,"minecraft:orange_tulip":2,"minecraft:oak_fence":1,"minecraft:cobblestone":8,"minecraft:emerald":2,"minecraft:flint":1,"minecraft:dirt":250,"minecraft:white_banner":3,"minecraft:string":1,"minecraft:stone_axe":1,"minecraft:stone_sword":2,"minecraft:birch_sapling":5,"minecraft:rotten_flesh":4,"minecraft:oak_planks":26,"minecraft:white_bed":1,"minecraft:peony":1,"minecraft:arrow":1},"minecraft:broken":{"minecraft:wooden_pickaxe":1,"minecraft:stone_pickaxe":2,"minecraft:iron_axe":1,"minecraft:stone_axe":5,"minecraft:stone_shovel":2},"minecraft:custom":{"minecraft:mob_kills":65,"minecraft:interact_with_crafting_table":85,"minecraft:open_barrel":19,"minecraft:leave_game":8,"minecraft:time_since_death":67973,"minecraft:climb_one_cm":20770,"minecraft:sprint_one_cm":821161,"minecraft:walk_one_cm":1122485,"minecraft:drop":50,"minecraft:talked_to_villager":8,"minecraft:raid_win":1,"minecraft:play_time":341194,"minecraft:deaths":6,"minecraft:sneak_time":21146,"minecraft:walk_under_water_one_cm":11665,"minecraft:jump":4723,"minecraft:walk_on_water_one_cm":28287,"minecraft:total_world_time":341194,"minecraft:interact_with_furnace":30,"minecraft:traded_with_villager":4,"minecraft:raid_trigger":1,"minecraft:interact_with_stonecutter":1,"minecraft:sleep_in_bed":20,"minecraft:time_since_rest":606,"minecraft:damage_taken":3200,"minecraft:damage_dealt":7475,"minecraft:swim_one_cm":52074,"minecraft:fly_one_cm":606256,"minecraft:open_chest":13,"minecraft:crouch_one_cm":54240,"minecraft:fall_one_cm":100106},"minecraft:picked_up":{"minecraft:crafting_table":19,"minecraft:iron_chestplate":2,"minecraft:azure_bluet":1,"minecraft:chicken":2,"minecraft:ladder":3,"minecraft:oak_stairs":55,"minecraft:string":7,"minecraft:iron_axe":2,"minecraft:iron_leggings":2,"minecraft:cobbled_deepslate":65,"minecraft:beef":10,"minecraft:rose_bush":2,"minecraft:melon_slice":16,"minecraft:sugar_cane":5,"minecraft:birch_sapling":21,"minecraft:egg":4,"minecraft:furnace":4,"minecraft:iron_boots":2,"minecraft:stick":122,"minecraft:raw_iron":18,"minecraft:oak_door":4,"minecraft:oak_fence":5,"minecraft:torch":32,"minecraft:porkchop":24,"minecraft:diorite":11,"minecraft:stone_shovel":3,"minecraft:stone_sword":6,"minecraft:arrow":21,"minecraft:rotten_flesh":16,"minecraft:peony":2,"minecraft:hay_block":13,"minecraft:red_tulip":1,"minecraft:saddle":1,"minecraft:mutton":14,"minecraft:cobblestone":324,"minecraft:white_wool":20,"minecraft:birch_log":56,"minecraft:lilac":1,"minecraft:feather":7,"minecraft:cooked_beef":4,"minecraft:andesite":9,"minecraft:birch_slab":14,"minecraft:salmon":1,"minecraft:leather":11,"minecraft:birch_planks":180,"minecraft:flint":3,"minecraft:oak_log":481,"minecraft:lapis_lazuli":10,"minecraft:dirt":1918,"minecraft:white_banner":7,"minecraft:cooked_mutton":1,"minecraft:bone":8,"minecraft:apple":15,"minecraft:orange_tulip":6,"minecraft:wheat_seeds":59,"minecraft:raw_gold":28,"minecraft:stone_pickaxe":4,"minecraft:iron_ingot":3,"minecraft:cooked_chicken":4,"minecraft:oak_planks":174,"minecraft:oak_slab":19,"minecraft:cooked_porkchop":28,"minecraft:gravel":3,"minecraft:white_bed":13,"minecraft:diamond":1,"minecraft:stone_axe":4,"minecraft:iron_helmet":2,"minecraft:emerald":4,"minecraft:oak_button":1,"minecraft:oak_sapling":148,"minecraft:black_wool":1,"minecraft:coal":217,"minecraft:ender_pearl":1},"minecraft:crafted":{"minecraft:oak_door":6,"minecraft:oak_planks":899,"minecraft:stone_shovel":4,"minecraft:barrel":4,"minecraft:cooked_chicken":2,"minecraft:birch_slab":48,"minecraft:furnace":4,"minecraft:oak_trapdoor":14,"minecraft:cooked_mutton":8,"minecraft:flint_and_steel":1,"minecraft:iron_boots":1,"minecraft:ladder":12,"minecraft:stone_pickaxe":4,"minecraft:cobblestone_wall":24,"minecraft:oak_button":18,"minecraft:oak_fence":27,"minecraft:wheat":117,"minecraft:oak_slab":84,"minecraft:emerald":4,"minecraft:cooked_porkchop":9,"minecraft:crafting_table":3,"minecraft:wooden_pickaxe":2,"minecraft:iron_helmet":1,"minecraft:birch_planks":164,"minecraft:stone_axe":5,"minecraft:air":0,"minecraft:blue_dye":1,"minecraft:iron_chestplate":1,"minecraft:stick":52,"minecraft:iron_ingot":3,"minecraft:iron_pickaxe":1,"minecraft:oak_stairs":212,"minecraft:stone_sword":2,"minecraft:iron_leggings":1,"minecraft:white_bed":2,"minecraft:torch":24},"minecraft:killed_by":{"minecraft:pillager":1,"minecraft:ravager":2,"minecraft:drowned":1,"minecraft:skeleton":1},"minecraft:killed":{"minecraft:vindicator":1,"minecraft:spider":1,"minecraft:skeleton":2,"minecraft:chicken":2,"minecraft:pig":11,"minecraft:zombie_villager":1,"minecraft:creeper":1,"minecraft:sheep":9,"minecraft:pillager":7,"minecraft:zombie":10,"minecraft:cow":6}},"DataVersion":3465}