{"stats":{"minecraft:mined":{"minecraft:white_bed":9,"minecraft:grass_block":347,"minecraft:hay_block":12,"minecraft:furnace":3,"minecraft:fire":11,"minecraft:iron_ore":11,"minecraft:andesite":9,"minecraft:peony":2,"minecraft:red_tulip":1,"minecraft:deepslate_iron_ore":5,"minecraft:oak_stairs":15,"minecraft:stone":191,"minecraft:oak_slab":10,"minecraft:crafting_table":12,"minecraft:torch":7,"minecraft:melon":3,"minecraft:rose_bush":2,"minecraft:cobblestone":8,"minecraft:deepslate_gold_ore":22,"minecraft:lapis_ore":2,"minecraft:oak_planks":18,"minecraft:diorite":11,"minecraft:wall_torch":4,"minecraft:birch_log":35,"minecraft:lilac":1,"minecraft:grass":34,"minecraft:oak_log":404,"minecraft:coal_ore":78,"minecraft:gravel":4,"minecraft:sunflower":6,"minecraft:dirt":84,"minecraft:gold_ore":7,"minecraft:oak_leaves":76,"minecraft:deepslate":90},"minecraft:used":{"minecraft:peony":1,"minecraft:rose_bush":2,"minecraft:stone_sword":237,"minecraft:flint_and_steel":10,"minecraft:stone_shovel":397,"minecraft:ladder":11,"minecraft:cooked_chicken":5,"minecraft:rotten_flesh":3,"minecraft:torch":23,"minecraft:dirt":37,"minecraft:red_tulip":1,"minecraft:oak_stairs":89,"minecraft:birch_sapling":1,"minecraft:oak_sapling":4,"minecraft:furnace":6,"minecraft:cooked_beef":3,"minecraft:cobbled_deepslate":65,"minecraft:cooked_mutton":9,"minecraft:diorite":8,"minecraft:birch_planks":58,"minecraft:stone_pickaxe":263,"minecraft:oak_planks":259,"minecraft:ender_pearl":1,"minecraft:wooden_pickaxe":116,"minecraft:oak_slab":28,"minecraft:crafting_table":13,"minecraft:white_bed":11,"minecraft:oak_log":230,"minecraft:birch_slab":6,"minecraft:melon_slice":19,"minecraft:iron_pickaxe":71,"minecraft:lilac":1,"minecraft:stone_axe":524,"minecraft:cobblestone":78,"minecraft:cooked_porkchop":9,"minecraft:porkchop":2,"minecraft:andesite":9},"minecraft:dropped":{"minecraft:porkchop":1,"minecraft:oak_log":1,"minecraft:diamond":1,"minecraft:crafting_table":1,"minecraft:cobblestone":8,"minecraft:flint":1,"minecraft:dirt":2,"minecraft:stone_axe":1,"minecraft:stone_sword":2,"minecraft:rotten_flesh":4,"minecraft:oak_planks":26,"minecraft:white_bed":1,"minecraft:peony":1},"minecraft:broken":{"minecraft:wooden_pickaxe":1,"minecraft:stone_pickaxe":2,"minecraft:stone_axe":3,"minecraft:stone_shovel":2},"minecraft:custom":{"minecraft:mob_kills":54,"minecraft:interact_with_crafting_table":45,"minecraft:leave_game":7,"minecraft:time_since_death":132334,"minecraft:climb_one_cm":6664,"minecraft:sprint_one_cm":661584,"minecraft:walk_one_cm":819523,"minecraft:drop":15,"minecraft:talked_to_villager":5,"minecraft:play_time":242925,"minecraft:deaths":3,"minecraft:sneak_time":7925,"minecraft:walk_under_water_one_cm":11665,"minecraft:jump":3762,"minecraft:walk_on_water_one_cm":28287,"minecraft:total_world_time":242925,"minecraft:interact_with_furnace":26,"minecraft:traded_with_villager":4,"minecraft:interact_with_stonecutter":1,"minecraft:sleep_in_bed":14,"minecraft:time_since_rest":9121,"minecraft:damage_taken":2088,"minecraft:damage_dealt":5612,"minecraft:swim_one_cm":52074,"minecraft:fly_one_cm":496910,"minecraft:open_chest":1,"minecraft:crouch_one_cm":20940,"minecraft:fall_one_cm":71299},"minecraft:picked_up":{"minecraft:crafting_table":13,"minecraft:azure_bluet":1,"minecraft:chicken":2,"minecraft:oak_stairs":15,"minecraft:string":3,"minecraft:cobbled_deepslate":65,"minecraft:beef":10,"minecraft:rose_bush":2,"minecraft:melon_slice":16,"minecraft:sugar_cane":5,"minecraft:birch_sapling":6,"minecraft:furnace":3,"minecraft:egg":1,"minecraft:raw_iron":18,"minecraft:stick":40,"minecraft:torch":15,"minecraft:porkchop":24,"minecraft:diorite":11,"minecraft:stone_sword":3,"minecraft:arrow":7,"minecraft:rotten_flesh":16,"minecraft:peony":2,"minecraft:hay_block":12,"minecraft:red_tulip":1,"minecraft:mutton":14,"minecraft:cobblestone":207,"minecraft:white_wool":11,"minecraft:birch_log":35,"minecraft:lilac":1,"minecraft:feather":7,"minecraft:cooked_beef":4,"minecraft:salmon":1,"minecraft:andesite":9,"minecraft:leather":8,"minecraft:flint":3,"minecraft:oak_log":404,"minecraft:lapis_lazuli":10,"minecraft:dirt":492,"minecraft:cooked_mutton":1,"minecraft:bone":3,"minecraft:apple":7,"minecraft:wheat_seeds":17,"minecraft:orange_tulip":2,"minecraft:raw_gold":28,"minecraft:iron_ingot":1,"minecraft:stone_pickaxe":1,"minecraft:cooked_chicken":4,"minecraft:oak_planks":56,"minecraft:oak_slab":11,"minecraft:gravel":3,"minecraft:white_bed":11,"minecraft:diamond":1,"minecraft:stone_axe":1,"minecraft:oak_sapling":39,"minecraft:black_wool":1,"minecraft:coal":196,"minecraft:ender_pearl":1},"minecraft:crafted":{"minecraft:oak_planks":516,"minecraft:stone_shovel":3,"minecraft:cooked_chicken":2,"minecraft:birch_slab":12,"minecraft:furnace":4,"minecraft:cooked_mutton":8,"minecraft:flint_and_steel":1,"minecraft:ladder":12,"minecraft:stone_pickaxe":3,"minecraft:wheat":108,"minecraft:oak_slab":18,"minecraft:emerald":4,"minecraft:cooked_porkchop":9,"minecraft:crafting_table":3,"minecraft:wooden_pickaxe":2,"minecraft:birch_planks":120,"minecraft:stone_axe":4,"minecraft:air":0,"minecraft:blue_dye":1,"minecraft:stick":52,"minecraft:iron_ingot":3,"minecraft:iron_pickaxe":1,"minecraft:oak_stairs":76,"minecraft:stone_sword":2,"minecraft:white_bed":2,"minecraft:torch":24},"minecraft:killed_by":{"minecraft:drowned":1,"minecraft:skeleton":1},"minecraft:killed":{"minecraft:spider":1,"minecraft:skeleton":1,"minecraft:chicken":2,"minecraft:pig":11,"minecraft:zombie_villager":1,"minecraft:creeper":1,"minecraft:sheep":9,"minecraft:zombie":9,"minecraft:cow":5}},"DataVersion":3465}