{"stats":{"minecraft:killed":{"minecraft:cave_spider":1,"minecraft:witch":1,"minecraft:spider":10,"minecraft:skeleton":33,"minecraft:chicken":7,"minecraft:pig":28,"minecraft:zombie_villager":1,"minecraft:creeper":1,"minecraft:sheep":18,"minecraft:pillager":7,"minecraft:goat":2,"minecraft:zombie":29,"minecraft:stray":8,"minecraft:cow":18,"minecraft:vindicator":1,"minecraft:husk":7,"minecraft:hoglin":2},"minecraft:dropped":{"minecraft:porkchop":1,"minecraft:oak_log":1,"minecraft:diamond":1,"minecraft:crafting_table":1,"minecraft:orange_tulip":2,"minecraft:item_frame":1,"minecraft:emerald":2,"minecraft:flint":1,"minecraft:dirt":250,"minecraft:stone_axe":1,"minecraft:cooked_chicken":5,"minecraft:birch_sapling":6,"minecraft:rotten_flesh":16,"minecraft:oak_planks":26,"minecraft:white_bed":1,"bosses_of_mass_destruction:soul_star":1,"minecraft:arrow":1,"minecraft:iron_ingot":2,"minecraft:wheat_seeds":8,"minecraft:golden_helmet":1,"minecraft:oak_fence":1,"minecraft:cobblestone":9,"minecraft:stick":10,"minecraft:white_banner":3,"minecraft:iron_axe":1,"minecraft:string":1,"minecraft:stone_sword":2,"minecraft:peony":1,"another_furniture:crimson_flower_box":1,"minecraft:golden_leggings":1,"minecraft:golden_sword":3,"simplyswords:iron_longsword":1,"minecraft:bow":1},"minecraft:killed_by":{"minecraft:pillager":1,"minecraft:ravager":2,"minecraft:drowned":1,"minecraft:skeleton":1},"minecraft:crafted":{"minecraft:oak_planks":899,"minecraft:smooth_stone":10,"minecraft:barrel":4,"minecraft:cooked_chicken":7,"minecraft:birch_slab":48,"minecraft:stone":18,"simplyswords:iron_longsword":1,"minecraft:cooked_mutton":21,"minecraft:glass":64,"minecraft:iron_boots":1,"minecraft:oak_button":18,"minecraft:oak_fence":27,"minecraft:smoker":1,"minecraft:oak_slab":84,"minecraft:emerald":4,"minecraft:cooked_porkchop":49,"minecraft:crafting_table":4,"minecraft:wooden_pickaxe":2,"minecraft:iron_helmet":1,"minecraft:birch_planks":164,"another_furniture:crimson_flower_box":15,"minecraft:iron_chestplate":1,"minecraft:stick":56,"minecraft:iron_ingot":151,"minecraft:iron_pickaxe":3,"minecraft:stone_sword":2,"minecraft:gold_ingot":34,"minecraft:oak_door":6,"minecraft:stone_shovel":4,"minecraft:iron_nugget":63,"minecraft:furnace":6,"minecraft:blast_furnace":2,"minecraft:glass_pane":32,"minecraft:oak_trapdoor":14,"minecraft:flint_and_steel":1,"minecraft:lantern":6,"minecraft:ladder":12,"minecraft:stone_pickaxe":7,"minecraft:cobblestone_wall":24,"minecraft:wheat":117,"minecraft:cooked_beef":19,"minecraft:crimson_planks":240,"minecraft:crimson_slab":60,"minecraft:iron_sword":1,"minecraft:bucket":1,"minecraft:stone_axe":5,"minecraft:air":0,"minecraft:blue_dye":1,"minecraft:oak_stairs":212,"minecraft:iron_leggings":1,"minecraft:white_bed":3,"minecraft:torch":28},"minecraft:broken":{"minecraft:iron_boots":1,"minecraft:iron_chestplate":1,"minecraft:iron_leggings":1,"minecraft:stone_pickaxe":5,"minecraft:golden_sword":1,"minecraft:stone_axe":5,"minecraft:stone_shovel":2,"minecraft:wooden_pickaxe":1,"minecraft:iron_axe":2,"minecraft:iron_pickaxe":1,"minecraft:iron_helmet":1},"minecraft:mined":{"minecraft:white_bed":18,"minecraft:sculk_vein":6,"minecraft:grass_block":421,"minecraft:soul_soil":14,"minecraft:crimson_fungus":3,"minecraft:oxeye_daisy":1,"minecraft:weeping_vines_plant":2,"minecraft:fire":11,"minecraft:iron_ore":137,"minecraft:pumpkin":16,"minecraft:deepslate_lapis_ore":9,"minecraft:azure_bluet":1,"minecraft:sculk_shrieker":3,"minecraft:red_tulip":1,"minecraft:dirt_path":1,"minecraft:oak_stairs":47,"minecraft:deepslate_redstone_ore":15,"minecraft:soul_fire":7,"minecraft:powder_snow":1,"minecraft:clay":4,"minecraft:torch":15,"minecraft:poppy":3,"minecraft:melon":3,"minecraft:dead_bush":1,"minecraft:nether_quartz_ore":33,"minecraft:cobblestone":9,"minecraft:oak_planks":21,"minecraft:wall_torch":12,"minecraft:nether_wart_block":1,"minecraft:birch_log":41,"minecraft:lilac":1,"minecraft:warped_fungus":2,"minecraft:grass":40,"minecraft:oak_log":480,"minecraft:sand":64,"minecraft:dirt":275,"minecraft:netherrack":23,"another_furniture:crimson_flower_box":2,"minecraft:oak_leaves":85,"minecraft:deepslate":155,"minecraft:tuff":1,"minecraft:mossy_cobblestone":5,"minecraft:dark_oak_leaves":5,"minecraft:oak_door":3,"minecraft:spruce_fence":7,"minecraft:crimson_roots":5,"minecraft:weeping_vines":2,"minecraft:birch_slab":2,"minecraft:spruce_leaves":13,"minecraft:crimson_stem":62,"minecraft:large_fern":1,"minecraft:hay_block":12,"minecraft:furnace":6,"minecraft:andesite":9,"minecraft:peony":4,"minecraft:shroomlight":4,"minecraft:deepslate_iron_ore":27,"minecraft:lantern":13,"minecraft:stone":417,"minecraft:oak_slab":13,"minecraft:soul_sand":35,"minecraft:dandelion":17,"minecraft:oak_fence":4,"minecraft:crafting_table":23,"minecraft:cornflower":2,"minecraft:rose_bush":2,"minecraft:lapis_ore":2,"minecraft:deepslate_gold_ore":51,"minecraft:sculk":1,"minecraft:diorite":14,"minecraft:birch_planks":3,"minecraft:spruce_log":16,"minecraft:birch_leaves":6,"minecraft:coal_ore":237,"minecraft:sunflower":6,"minecraft:gravel":8,"minecraft:cobweb":2,"minecraft:oak_button":1,"minecraft:gold_ore":12,"minecraft:fern":3},"minecraft:picked_up":{"minecraft:iron_chestplate":2,"minecraft:oak_stairs":55,"minecraft:potion":1,"minecraft:golden_sword":2,"minecraft:string":18,"minecraft:soul_soil":13,"minecraft:iron_leggings":2,"minecraft:shroomlight":4,"minecraft:cobbled_deepslate":142,"bosses_of_mass_destruction:soul_star":1,"minecraft:rose_bush":2,"minecraft:melon_slice":16,"minecraft:furnace":6,"minecraft:iron_boots":2,"minecraft:tipped_arrow":3,"minecraft:stick":124,"minecraft:oak_fence":5,"minecraft:torch":41,"minecraft:porkchop":64,"minecraft:diorite":14,"minecraft:stone_sword":6,"minecraft:rotten_flesh":37,"minecraft:red_tulip":1,"minecraft:cobblestone":552,"minecraft:birch_log":56,"minecraft:cooked_beef":4,"minecraft:feather":11,"minecraft:lilac":1,"minecraft:birch_slab":14,"minecraft:andesite":9,"minecraft:flint":3,"minecraft:tuff":1,"minecraft:lapis_lazuli":74,"minecraft:dirt":2044,"minecraft:lantern":14,"minecraft:bone":53,"minecraft:bow":2,"minecraft:wheat_seeds":67,"minecraft:orange_tulip":6,"minecraft:raw_gold":62,"minecraft:oak_planks":174,"minecraft:cooked_porkchop":28,"minecraft:sand":65,"minecraft:mossy_cobblestone":5,"minecraft:diamond":1,"minecraft:golden_apple":1,"minecraft:emerald":4,"minecraft:oak_sapling":148,"minecraft:netherrack":23,"minecraft:crimson_roots":4,"minecraft:crafting_table":24,"minecraft:azure_bluet":2,"minecraft:clay_ball":16,"minecraft:chicken":7,"minecraft:ladder":3,"minecraft:brown_mushroom":7,"minecraft:cornflower":2,"minecraft:iron_axe":3,"minecraft:item_frame":1,"simplyswords:iron_longsword":1,"minecraft:beef":37,"minecraft:oak_boat":3,"minecraft:poppy":3,"minecraft:sugar_cane":5,"minecraft:birch_sapling":23,"minecraft:egg":6,"minecraft:raw_iron":166,"minecraft:oak_door":4,"minecraft:spruce_fence":7,"minecraft:redstone":63,"minecraft:arrow":68,"minecraft:weeping_vines":1,"minecraft:stone_shovel":3,"minecraft:peony":4,"minecraft:hay_block":13,"minecraft:saddle":1,"minecraft:mutton":27,"minecraft:white_wool":29,"minecraft:oxeye_daisy":1,"minecraft:glow_ink_sac":11,"minecraft:crimson_stem":60,"minecraft:salmon":1,"minecraft:leather":26,"minecraft:birch_planks":180,"minecraft:crimson_fungus":3,"minecraft:oak_log":481,"minecraft:nether_wart_block":1,"minecraft:gunpowder":2,"minecraft:white_banner":7,"minecraft:cooked_mutton":1,"minecraft:apple":15,"another_furniture:crimson_flower_box":3,"minecraft:iron_ingot":3,"minecraft:stone_pickaxe":4,"minecraft:cooked_chicken":4,"minecraft:soul_sand":33,"minecraft:oak_slab":19,"minecraft:warped_fungus":2,"minecraft:pumpkin":15,"minecraft:quartz":33,"minecraft:dandelion":17,"minecraft:gravel":6,"minecraft:white_bed":20,"minecraft:spruce_log":16,"minecraft:spider_eye":3,"minecraft:stone_axe":4,"minecraft:iron_helmet":2,"immersive_melodies:didgeridoo":1,"minecraft:oak_button":1,"minecraft:black_wool":1,"minecraft:coal":384,"minecraft:ender_pearl":1},"minecraft:used":{"minecraft:peony":3,"minecraft:ladder":11,"minecraft:iron_sword":200,"minecraft:rotten_flesh":3,"minecraft:soul_sand":29,"minecraft:tuff":1,"minecraft:lantern":20,"minecraft:birch_sapling":1,"simplyswords:iron_longsword":132,"minecraft:crimson_roots":4,"another_furniture:crimson_flower_box":16,"minecraft:golden_sword":42,"minecraft:bow":36,"minecraft:oak_sapling":43,"minecraft:furnace":8,"minecraft:diorite":11,"minecraft:stone_pickaxe":802,"minecraft:oak_planks":282,"minecraft:ender_pearl":1,"minecraft:wooden_pickaxe":116,"minecraft:golden_apple":1,"minecraft:sand":1,"minecraft:blast_furnace":2,"minecraft:birch_slab":42,"minecraft:bread":2,"minecraft:melon_slice":19,"minecraft:gravel":3,"minecraft:lilac":1,"minecraft:nether_wart_block":1,"minecraft:andesite":9,"minecraft:oak_boat":2,"minecraft:oak_trapdoor":14,"minecraft:oak_fence":31,"minecraft:rose_bush":2,"minecraft:stone_sword":270,"minecraft:flint_and_steel":10,"minecraft:stone_shovel":485,"minecraft:cooked_chicken":5,"minecraft:netherrack":15,"minecraft:oak_door":7,"minecraft:torch":37,"minecraft:dirt":450,"minecraft:cobblestone_wall":22,"minecraft:spruce_fence":7,"minecraft:red_tulip":1,"minecraft:iron_axe":523,"minecraft:oak_stairs":232,"minecraft:barrel":4,"minecraft:beef":1,"minecraft:soul_soil":5,"minecraft:cooked_beef":4,"minecraft:cobbled_deepslate":100,"minecraft:cooked_mutton":22,"minecraft:water_bucket":4,"minecraft:birch_planks":120,"minecraft:mossy_cobblestone":5,"minecraft:oak_slab":97,"minecraft:crafting_table":25,"minecraft:white_bed":21,"minecraft:smoker":1,"minecraft:oak_log":248,"minecraft:apple":8,"minecraft:oak_button":15,"minecraft:iron_pickaxe":330,"minecraft:stone_axe":657,"minecraft:cobblestone":217,"minecraft:cooked_porkchop":55,"minecraft:white_banner":1,"minecraft:porkchop":2,"minecraft:bucket":5,"minecraft:glass_pane":22},"minecraft:custom":{"minecraft:interact_with_crafting_table":112,"minecraft:open_barrel":122,"minecraft:leave_game":15,"minecraft:time_since_death":368424,"minecraft:sprint_one_cm":1207731,"minecraft:drop":78,"minecraft:talked_to_villager":11,"minecraft:play_time":641645,"minecraft:deaths":6,"minecraft:jump":8918,"minecraft:walk_on_water_one_cm":83414,"minecraft:interact_with_furnace":65,"minecraft:traded_with_villager":4,"minecraft:sleep_in_bed":30,"minecraft:damage_dealt":27768,"minecraft:crouch_one_cm":82455,"minecraft:mob_kills":195,"minecraft:climb_one_cm":40975,"minecraft:walk_one_cm":2516910,"minecraft:raid_win":1,"minecraft:sneak_time":31253,"minecraft:walk_under_water_one_cm":37906,"minecraft:boat_one_cm":64039,"minecraft:interact_with_blast_furnace":13,"minecraft:total_world_time":641645,"minecraft:raid_trigger":1,"minecraft:interact_with_stonecutter":1,"minecraft:time_since_rest":11829,"minecraft:damage_taken":8073,"minecraft:damage_absorbed":40,"minecraft:swim_one_cm":78822,"minecraft:fly_one_cm":828271,"minecraft:open_chest":47,"minecraft:fall_one_cm":162067}},"DataVersion":3465}