{"stats":{"minecraft:mined":{"minecraft:white_bed":9,"minecraft:grass_block":348,"minecraft:hay_block":12,"minecraft:furnace":4,"minecraft:fire":11,"minecraft:iron_ore":11,"minecraft:andesite":9,"minecraft:peony":2,"minecraft:red_tulip":1,"minecraft:deepslate_iron_ore":5,"minecraft:oak_stairs":35,"minecraft:stone":191,"minecraft:oak_slab":10,"minecraft:crafting_table":13,"minecraft:torch":7,"minecraft:melon":3,"minecraft:rose_bush":2,"minecraft:cobblestone":8,"minecraft:deepslate_gold_ore":22,"minecraft:lapis_ore":2,"minecraft:oak_planks":19,"minecraft:diorite":11,"minecraft:wall_torch":4,"minecraft:birch_planks":3,"minecraft:birch_log":35,"minecraft:lilac":1,"minecraft:grass":34,"minecraft:oak_log":411,"minecraft:coal_ore":78,"minecraft:gravel":4,"minecraft:sunflower":6,"minecraft:dirt":94,"minecraft:gold_ore":7,"minecraft:oak_leaves":76,"minecraft:deepslate":90},"minecraft:used":{"minecraft:peony":1,"minecraft:rose_bush":2,"minecraft:stone_sword":257,"minecraft:flint_and_steel":10,"minecraft:stone_shovel":397,"minecraft:ladder":11,"minecraft:cooked_chicken":5,"minecraft:rotten_flesh":3,"minecraft:torch":23,"minecraft:dirt":83,"minecraft:red_tulip":1,"minecraft:oak_stairs":212,"minecraft:birch_sapling":1,"minecraft:oak_sapling":4,"minecraft:furnace":7,"minecraft:cooked_beef":3,"minecraft:cobbled_deepslate":65,"minecraft:cooked_mutton":9,"minecraft:diorite":8,"minecraft:birch_planks":58,"minecraft:stone_pickaxe":264,"minecraft:oak_planks":276,"minecraft:ender_pearl":1,"minecraft:wooden_pickaxe":116,"minecraft:oak_slab":28,"minecraft:crafting_table":14,"minecraft:white_bed":11,"minecraft:oak_log":246,"minecraft:apple":2,"minecraft:birch_slab":8,"minecraft:melon_slice":19,"minecraft:iron_pickaxe":71,"minecraft:lilac":1,"minecraft:stone_axe":556,"minecraft:cobblestone":78,"minecraft:white_banner":1,"minecraft:cooked_porkchop":9,"minecraft:porkchop":2,"minecraft:andesite":9},"minecraft:dropped":{"minecraft:iron_ingot":2,"minecraft:porkchop":1,"minecraft:oak_log":1,"minecraft:diamond":1,"minecraft:crafting_table":1,"minecraft:cobblestone":8,"minecraft:flint":1,"minecraft:dirt":2,"minecraft:stone_axe":1,"minecraft:stone_sword":2,"minecraft:rotten_flesh":4,"minecraft:oak_planks":26,"minecraft:white_bed":1,"minecraft:peony":1},"minecraft:broken":{"minecraft:wooden_pickaxe":1,"minecraft:stone_pickaxe":2,"minecraft:stone_axe":4,"minecraft:stone_shovel":2},"minecraft:custom":{"minecraft:mob_kills":57,"minecraft:interact_with_crafting_table":58,"minecraft:leave_game":7,"minecraft:time_since_death":6144,"minecraft:climb_one_cm":8995,"minecraft:sprint_one_cm":694846,"minecraft:walk_one_cm":885268,"minecraft:drop":16,"minecraft:talked_to_villager":5,"minecraft:play_time":266925,"minecraft:deaths":4,"minecraft:sneak_time":14872,"minecraft:walk_under_water_one_cm":11665,"minecraft:jump":3997,"minecraft:walk_on_water_one_cm":28287,"minecraft:total_world_time":266925,"minecraft:interact_with_furnace":28,"minecraft:traded_with_villager":4,"minecraft:raid_trigger":1,"minecraft:interact_with_stonecutter":1,"minecraft:sleep_in_bed":14,"minecraft:time_since_rest":6179,"minecraft:damage_taken":2424,"minecraft:damage_dealt":5991,"minecraft:swim_one_cm":52074,"minecraft:fly_one_cm":514218,"minecraft:open_chest":9,"minecraft:crouch_one_cm":40403,"minecraft:fall_one_cm":80378},"minecraft:picked_up":{"minecraft:crafting_table":14,"minecraft:azure_bluet":1,"minecraft:ladder":1,"minecraft:chicken":2,"minecraft:oak_stairs":38,"minecraft:string":4,"minecraft:cobbled_deepslate":65,"minecraft:beef":10,"minecraft:rose_bush":2,"minecraft:melon_slice":16,"minecraft:sugar_cane":5,"minecraft:birch_sapling":11,"minecraft:furnace":4,"minecraft:egg":2,"minecraft:raw_iron":18,"minecraft:stick":66,"minecraft:torch":19,"minecraft:porkchop":24,"minecraft:diorite":11,"minecraft:stone_shovel":1,"minecraft:stone_sword":4,"minecraft:arrow":11,"minecraft:rotten_flesh":16,"minecraft:peony":2,"minecraft:hay_block":12,"minecraft:red_tulip":1,"minecraft:mutton":14,"minecraft:cobblestone":246,"minecraft:white_wool":14,"minecraft:birch_log":40,"minecraft:lilac":1,"minecraft:feather":7,"minecraft:cooked_beef":4,"minecraft:birch_slab":4,"minecraft:salmon":1,"minecraft:andesite":9,"minecraft:leather":8,"minecraft:birch_planks":62,"minecraft:flint":3,"minecraft:oak_log":410,"minecraft:lapis_lazuli":10,"minecraft:dirt":900,"minecraft:white_banner":1,"minecraft:cooked_mutton":1,"minecraft:bone":4,"minecraft:apple":14,"minecraft:wheat_seeds":31,"minecraft:orange_tulip":3,"minecraft:raw_gold":28,"minecraft:iron_ingot":3,"minecraft:stone_pickaxe":2,"minecraft:cooked_chicken":4,"minecraft:oak_planks":107,"minecraft:oak_slab":12,"minecraft:cooked_porkchop":14,"minecraft:gravel":3,"minecraft:white_bed":11,"minecraft:diamond":1,"minecraft:stone_axe":2,"minecraft:oak_sapling":74,"minecraft:black_wool":1,"minecraft:coal":217,"minecraft:ender_pearl":1},"minecraft:crafted":{"minecraft:oak_planks":644,"minecraft:stone_shovel":3,"minecraft:cooked_chicken":2,"minecraft:birch_slab":12,"minecraft:furnace":4,"minecraft:cooked_mutton":8,"minecraft:flint_and_steel":1,"minecraft:iron_boots":1,"minecraft:ladder":12,"minecraft:stone_pickaxe":3,"minecraft:wheat":108,"minecraft:oak_slab":18,"minecraft:emerald":4,"minecraft:cooked_porkchop":9,"minecraft:crafting_table":3,"minecraft:wooden_pickaxe":2,"minecraft:iron_helmet":1,"minecraft:birch_planks":120,"minecraft:stone_axe":5,"minecraft:air":0,"minecraft:blue_dye":1,"minecraft:iron_chestplate":1,"minecraft:stick":52,"minecraft:iron_ingot":3,"minecraft:iron_pickaxe":1,"minecraft:oak_stairs":180,"minecraft:stone_sword":2,"minecraft:iron_leggings":1,"minecraft:white_bed":2,"minecraft:torch":24},"minecraft:killed_by":{"minecraft:pillager":1,"minecraft:drowned":1,"minecraft:skeleton":1},"minecraft:killed":{"minecraft:spider":1,"minecraft:skeleton":1,"minecraft:chicken":2,"minecraft:pig":11,"minecraft:zombie_villager":1,"minecraft:creeper":1,"minecraft:sheep":9,"minecraft:pillager":3,"minecraft:zombie":9,"minecraft:cow":5}},"DataVersion":3465}