{"stats":{"minecraft:mined":{"minecraft:acacia_leaves":1,"minecraft:cobblestone_stairs":6,"minecraft:crafting_table":1,"minecraft:torch":1,"minecraft:acacia_log":33,"minecraft:grass_block":19,"minecraft:tall_grass":1,"minecraft:cobblestone":7,"minecraft:deepslate_gold_ore":10,"minecraft:lapis_ore":2,"minecraft:diorite":8,"minecraft:wall_torch":3,"minecraft:birch_planks":36,"minecraft:furnace":1,"minecraft:birch_log":63,"minecraft:iron_ore":80,"minecraft:cobbled_deepslate":3,"minecraft:acacia_stairs":5,"minecraft:andesite":7,"minecraft:pumpkin":2,"minecraft:dirt_path":1,"minecraft:grass":14,"minecraft:pointed_dripstone":5,"minecraft:bookshelf":4,"minecraft:oak_log":57,"minecraft:coal_ore":136,"minecraft:vine":1,"minecraft:gravel":9,"minecraft:dripstone_block":3,"minecraft:dirt":52,"minecraft:stone":186,"minecraft:oak_leaves":1,"minecraft:deepslate":19},"minecraft:used":{"minecraft:cooked_mutton":6,"minecraft:cobblestone_stairs":31,"minecraft:birch_planks":199,"minecraft:stone_pickaxe":330,"minecraft:chest":1,"minecraft:wooden_pickaxe":22,"minecraft:iron_sword":62,"minecraft:cooked_chicken":10,"minecraft:rotten_flesh":4,"minecraft:torch":6,"minecraft:dirt":50,"minecraft:mutton":4,"minecraft:crafting_table":3,"minecraft:white_bed":1,"minecraft:wooden_axe":24,"minecraft:acacia_stairs":68,"minecraft:iron_axe":188,"minecraft:chicken":1,"minecraft:melon_slice":3,"minecraft:iron_pickaxe":128,"minecraft:wooden_sword":49,"minecraft:cobblestone":139,"minecraft:beef":5,"minecraft:furnace":1,"minecraft:andesite":3,"minecraft:cobbled_deepslate":12},"minecraft:dropped":{"minecraft:iron_ingot":2},"minecraft:broken":{"minecraft:stone_pickaxe":2},"minecraft:custom":{"minecraft:interact_with_furnace":49,"minecraft:mob_kills":33,"minecraft:interact_with_crafting_table":31,"minecraft:leave_game":1,"minecraft:time_since_death":129745,"minecraft:sleep_in_bed":5,"minecraft:climb_one_cm":1706,"minecraft:time_since_rest":22837,"minecraft:sprint_one_cm":399545,"minecraft:damage_taken":934,"minecraft:walk_one_cm":341257,"minecraft:drop":2,"minecraft:damage_dealt":3991,"minecraft:talked_to_villager":1,"minecraft:swim_one_cm":28680,"minecraft:fly_one_cm":231917,"minecraft:open_chest":41,"minecraft:crouch_one_cm":15952,"minecraft:play_time":129745,"minecraft:sneak_time":5193,"minecraft:walk_under_water_one_cm":13956,"minecraft:jump":2018,"minecraft:walk_on_water_one_cm":30889,"minecraft:total_world_time":129745,"minecraft:fall_one_cm":41375},"minecraft:picked_up":{"minecraft:birch_log":62,"minecraft:crafting_table":1,"minecraft:feather":14,"minecraft:chicken":11,"minecraft:andesite":7,"minecraft:brown_wool":1,"minecraft:leather":4,"minecraft:birch_planks":36,"minecraft:oak_log":56,"minecraft:gunpowder":4,"minecraft:cobblestone_stairs":5,"minecraft:lapis_lazuli":12,"minecraft:string":1,"minecraft:dirt":74,"minecraft:bone":5,"minecraft:apple":1,"minecraft:wheat_seeds":4,"minecraft:cobbled_deepslate":22,"minecraft:raw_gold":10,"minecraft:beef":5,"minecraft:iron_ingot":2,"minecraft:melon_slice":18,"minecraft:birch_sapling":2,"minecraft:oak_planks":41,"minecraft:furnace":1,"minecraft:book":12,"minecraft:stick":2,"minecraft:raw_iron":79,"minecraft:pumpkin":2,"minecraft:acacia_log":27,"minecraft:torch":4,"minecraft:gravel":9,"minecraft:dripstone_block":3,"minecraft:pointed_dripstone":8,"minecraft:diorite":8,"minecraft:acacia_stairs":5,"minecraft:arrow":4,"minecraft:rotten_flesh":14,"minecraft:hay_block":1,"minecraft:oak_sapling":4,"minecraft:mutton":7,"minecraft:coal":140,"minecraft:white_wool":4,"minecraft:cobblestone":196},"minecraft:crafted":{"minecraft:wooden_sword":1,"minecraft:oak_planks":40,"minecraft:crafting_table":2,"minecraft:iron_helmet":1,"minecraft:wooden_pickaxe":1,"minecraft:cooked_chicken":10,"minecraft:iron_sword":1,"minecraft:cobblestone_stairs":32,"minecraft:stone":1,"minecraft:acacia_stairs":64,"minecraft:birch_planks":248,"minecraft:cooked_mutton":7,"minecraft:air":0,"minecraft:iron_chestplate":1,"minecraft:iron_boots":1,"minecraft:golden_apple":1,"minecraft:gold_nugget":9,"minecraft:iron_axe":1,"minecraft:stick":24,"minecraft:iron_ingot":79,"minecraft:iron_pickaxe":1,"minecraft:stone_pickaxe":3,"minecraft:wooden_axe":1,"minecraft:iron_leggings":1,"minecraft:chest":2,"minecraft:gold_ingot":9,"minecraft:white_bed":1,"minecraft:acacia_planks":96,"minecraft:torch":4},"minecraft:killed":{"minecraft:spider":2,"minecraft:creeper":2,"minecraft:sheep":4,"minecraft:skeleton":2,"minecraft:zombie":6,"minecraft:chicken":11,"minecraft:drowned":2,"minecraft:enderman":1,"minecraft:cow":3}},"DataVersion":3465}