{"stats":{"minecraft:mined":{"minecraft:crafting_table":1,"minecraft:torch":1,"minecraft:grass_block":16,"minecraft:tall_grass":1,"minecraft:deepslate_gold_ore":10,"minecraft:lapis_ore":2,"minecraft:diorite":3,"minecraft:furnace":1,"minecraft:iron_ore":72,"minecraft:cobbled_deepslate":3,"minecraft:andesite":7,"minecraft:pumpkin":2,"minecraft:grass":12,"minecraft:pointed_dripstone":5,"minecraft:bookshelf":4,"minecraft:oak_log":10,"minecraft:coal_ore":101,"minecraft:vine":1,"minecraft:dripstone_block":2,"minecraft:dirt":15,"minecraft:stone":100,"minecraft:oak_leaves":1,"minecraft:deepslate":19},"minecraft:used":{"minecraft:cooked_mutton":2,"minecraft:stone_pickaxe":176,"minecraft:chest":1,"minecraft:wooden_pickaxe":22,"minecraft:iron_sword":30,"minecraft:cooked_chicken":5,"minecraft:rotten_flesh":4,"minecraft:torch":2,"minecraft:dirt":17,"minecraft:mutton":4,"minecraft:crafting_table":2,"minecraft:white_bed":1,"minecraft:wooden_axe":24,"minecraft:chicken":1,"minecraft:melon_slice":3,"minecraft:iron_pickaxe":128,"minecraft:wooden_sword":49,"minecraft:beef":5,"minecraft:furnace":1,"minecraft:andesite":3,"minecraft:cobbled_deepslate":12},"minecraft:dropped":{"minecraft:iron_ingot":2},"minecraft:custom":{"minecraft:interact_with_furnace":26,"minecraft:mob_kills":23,"minecraft:interact_with_crafting_table":20,"minecraft:leave_game":1,"minecraft:time_since_death":69745,"minecraft:sleep_in_bed":3,"minecraft:climb_one_cm":1706,"minecraft:time_since_rest":16572,"minecraft:sprint_one_cm":267023,"minecraft:damage_taken":470,"minecraft:walk_one_cm":189546,"minecraft:drop":2,"minecraft:damage_dealt":2610,"minecraft:swim_one_cm":26476,"minecraft:fly_one_cm":172557,"minecraft:open_chest":24,"minecraft:crouch_one_cm":4736,"minecraft:play_time":69745,"minecraft:sneak_time":1559,"minecraft:walk_under_water_one_cm":9508,"minecraft:jump":1298,"minecraft:walk_on_water_one_cm":13710,"minecraft:total_world_time":69745,"minecraft:fall_one_cm":25040},"minecraft:picked_up":{"minecraft:crafting_table":1,"minecraft:feather":9,"minecraft:chicken":7,"minecraft:andesite":7,"minecraft:brown_wool":1,"minecraft:leather":4,"minecraft:oak_log":10,"minecraft:gunpowder":4,"minecraft:lapis_lazuli":12,"minecraft:string":1,"minecraft:dirt":33,"minecraft:bone":2,"minecraft:apple":1,"minecraft:wheat_seeds":4,"minecraft:cobbled_deepslate":22,"minecraft:raw_gold":10,"minecraft:beef":5,"minecraft:iron_ingot":2,"minecraft:melon_slice":18,"minecraft:oak_planks":41,"minecraft:furnace":1,"minecraft:book":12,"minecraft:raw_iron":71,"minecraft:pumpkin":2,"minecraft:torch":1,"minecraft:dripstone_block":2,"minecraft:pointed_dripstone":8,"minecraft:diorite":3,"minecraft:arrow":2,"minecraft:rotten_flesh":9,"minecraft:mutton":6,"minecraft:coal":105,"minecraft:white_wool":3,"minecraft:cobblestone":103},"minecraft:crafted":{"minecraft:wooden_sword":1,"minecraft:oak_planks":40,"minecraft:crafting_table":1,"minecraft:wooden_pickaxe":1,"minecraft:cooked_chicken":5,"minecraft:iron_sword":1,"minecraft:cooked_mutton":6,"minecraft:air":0,"minecraft:golden_apple":1,"minecraft:gold_nugget":9,"minecraft:iron_axe":1,"minecraft:stick":24,"minecraft:iron_ingot":12,"minecraft:iron_pickaxe":1,"minecraft:stone_pickaxe":3,"minecraft:wooden_axe":1,"minecraft:chest":1,"minecraft:gold_ingot":9,"minecraft:white_bed":1,"minecraft:torch":4},"minecraft:killed":{"minecraft:spider":2,"minecraft:creeper":2,"minecraft:sheep":3,"minecraft:skeleton":1,"minecraft:zombie":4,"minecraft:chicken":7,"minecraft:enderman":1,"minecraft:cow":3}},"DataVersion":3465}