{"stats":{"minecraft:mined":{"minecraft:crafting_table":1,"minecraft:torch":1,"minecraft:grass_block":16,"minecraft:tall_grass":1,"minecraft:cobblestone":3,"minecraft:deepslate_gold_ore":10,"minecraft:lapis_ore":2,"minecraft:diorite":8,"minecraft:wall_torch":1,"minecraft:furnace":1,"minecraft:birch_log":25,"minecraft:iron_ore":80,"minecraft:cobbled_deepslate":3,"minecraft:andesite":7,"minecraft:pumpkin":2,"minecraft:dirt_path":1,"minecraft:grass":12,"minecraft:pointed_dripstone":5,"minecraft:bookshelf":4,"minecraft:oak_log":10,"minecraft:coal_ore":123,"minecraft:vine":1,"minecraft:gravel":9,"minecraft:dripstone_block":3,"minecraft:dirt":31,"minecraft:stone":186,"minecraft:oak_leaves":1,"minecraft:deepslate":19},"minecraft:used":{"minecraft:cooked_mutton":6,"minecraft:stone_pickaxe":307,"minecraft:chest":1,"minecraft:wooden_pickaxe":22,"minecraft:iron_sword":34,"minecraft:cooked_chicken":5,"minecraft:rotten_flesh":4,"minecraft:torch":4,"minecraft:dirt":17,"minecraft:mutton":4,"minecraft:crafting_table":2,"minecraft:white_bed":1,"minecraft:wooden_axe":24,"minecraft:iron_axe":25,"minecraft:chicken":1,"minecraft:melon_slice":3,"minecraft:iron_pickaxe":128,"minecraft:wooden_sword":49,"minecraft:cobblestone":34,"minecraft:beef":5,"minecraft:furnace":1,"minecraft:andesite":3,"minecraft:cobbled_deepslate":12},"minecraft:dropped":{"minecraft:iron_ingot":2},"minecraft:broken":{"minecraft:stone_pickaxe":2},"minecraft:custom":{"minecraft:interact_with_furnace":41,"minecraft:mob_kills":24,"minecraft:interact_with_crafting_table":24,"minecraft:leave_game":1,"minecraft:time_since_death":93745,"minecraft:sleep_in_bed":4,"minecraft:climb_one_cm":1706,"minecraft:time_since_rest":1883,"minecraft:sprint_one_cm":313138,"minecraft:damage_taken":690,"minecraft:walk_one_cm":223459,"minecraft:drop":2,"minecraft:damage_dealt":2810,"minecraft:swim_one_cm":26476,"minecraft:fly_one_cm":188412,"minecraft:open_chest":36,"minecraft:crouch_one_cm":5499,"minecraft:play_time":93745,"minecraft:sneak_time":1681,"minecraft:walk_under_water_one_cm":9508,"minecraft:jump":1506,"minecraft:walk_on_water_one_cm":15956,"minecraft:total_world_time":93745,"minecraft:fall_one_cm":29744},"minecraft:picked_up":{"minecraft:birch_log":25,"minecraft:crafting_table":1,"minecraft:feather":9,"minecraft:chicken":7,"minecraft:andesite":7,"minecraft:brown_wool":1,"minecraft:leather":4,"minecraft:oak_log":10,"minecraft:gunpowder":4,"minecraft:lapis_lazuli":12,"minecraft:string":1,"minecraft:dirt":50,"minecraft:bone":4,"minecraft:apple":1,"minecraft:wheat_seeds":4,"minecraft:cobbled_deepslate":22,"minecraft:raw_gold":10,"minecraft:beef":5,"minecraft:iron_ingot":2,"minecraft:melon_slice":18,"minecraft:oak_planks":41,"minecraft:furnace":1,"minecraft:book":12,"minecraft:raw_iron":79,"minecraft:pumpkin":2,"minecraft:torch":2,"minecraft:gravel":9,"minecraft:dripstone_block":3,"minecraft:pointed_dripstone":8,"minecraft:diorite":8,"minecraft:arrow":3,"minecraft:rotten_flesh":9,"minecraft:hay_block":1,"minecraft:mutton":6,"minecraft:coal":127,"minecraft:white_wool":3,"minecraft:cobblestone":192},"minecraft:crafted":{"minecraft:wooden_sword":1,"minecraft:oak_planks":40,"minecraft:crafting_table":1,"minecraft:wooden_pickaxe":1,"minecraft:cooked_chicken":5,"minecraft:iron_sword":1,"minecraft:stone":1,"minecraft:cooked_mutton":6,"minecraft:air":0,"minecraft:iron_boots":1,"minecraft:golden_apple":1,"minecraft:gold_nugget":9,"minecraft:iron_axe":1,"minecraft:stick":24,"minecraft:iron_ingot":73,"minecraft:iron_pickaxe":1,"minecraft:stone_pickaxe":3,"minecraft:wooden_axe":1,"minecraft:chest":2,"minecraft:gold_ingot":9,"minecraft:white_bed":1,"minecraft:torch":4},"minecraft:killed":{"minecraft:spider":2,"minecraft:creeper":2,"minecraft:sheep":3,"minecraft:skeleton":2,"minecraft:zombie":4,"minecraft:chicken":7,"minecraft:enderman":1,"minecraft:cow":3}},"DataVersion":3465}