{"stats":{"minecraft:mined":{"minecraft:white_bed":1,"minecraft:farmland":1,"minecraft:cobblestone_stairs":6,"minecraft:acacia_log":78,"minecraft:grass_block":60,"minecraft:furnace":1,"minecraft:carrots":3,"minecraft:iron_ore":80,"minecraft:cobbled_deepslate":3,"minecraft:acacia_stairs":25,"minecraft:andesite":7,"minecraft:pumpkin":2,"minecraft:bookshelf":4,"minecraft:pointed_dripstone":5,"minecraft:potatoes":8,"minecraft:dirt_path":1,"minecraft:vine":1,"minecraft:stone":314,"minecraft:acacia_leaves":1,"minecraft:glass_pane":3,"minecraft:crafting_table":1,"minecraft:torch":4,"minecraft:cobblestone":43,"minecraft:tall_grass":2,"minecraft:deepslate_gold_ore":10,"minecraft:lapis_ore":2,"minecraft:diorite":8,"minecraft:wall_torch":6,"minecraft:birch_planks":44,"minecraft:birch_log":70,"minecraft:grass":28,"minecraft:oak_log":57,"minecraft:coal_ore":157,"minecraft:sand":56,"minecraft:gravel":9,"minecraft:dripstone_block":3,"minecraft:dirt":123,"minecraft:oak_leaves":1,"minecraft:deepslate":19},"minecraft:used":{"minecraft:chest":3,"minecraft:iron_sword":116,"minecraft:wooden_shovel":59,"minecraft:cooked_chicken":10,"minecraft:rotten_flesh":10,"minecraft:torch":13,"minecraft:dirt":232,"minecraft:mutton":4,"minecraft:carrot":8,"minecraft:wooden_axe":24,"minecraft:iron_axe":274,"minecraft:bow":3,"minecraft:beef":5,"minecraft:furnace":2,"minecraft:potato":4,"minecraft:cobbled_deepslate":12,"minecraft:acacia_planks":64,"minecraft:wheat_seeds":6,"minecraft:cooked_mutton":7,"minecraft:water_bucket":21,"minecraft:cobblestone_stairs":31,"minecraft:birch_planks":213,"minecraft:stone_pickaxe":393,"minecraft:baked_potato":7,"minecraft:wooden_pickaxe":22,"minecraft:crafting_table":3,"minecraft:white_bed":2,"minecraft:wooden_hoe":59,"minecraft:acacia_stairs":161,"minecraft:chicken":1,"minecraft:melon_slice":3,"minecraft:iron_pickaxe":250,"minecraft:wooden_sword":49,"minecraft:cobblestone":201,"minecraft:andesite":3,"minecraft:bucket":21,"minecraft:glass_pane":59},"minecraft:dropped":{"minecraft:iron_ingot":2},"minecraft:broken":{"minecraft:wooden_shovel":1,"minecraft:stone_pickaxe":3,"minecraft:iron_axe":1,"minecraft:iron_pickaxe":1,"minecraft:wooden_hoe":1},"minecraft:custom":{"minecraft:mob_kills":37,"minecraft:interact_with_crafting_table":44,"minecraft:leave_game":2,"minecraft:time_since_death":228880,"minecraft:climb_one_cm":1706,"minecraft:sprint_one_cm":536475,"minecraft:walk_one_cm":558814,"minecraft:drop":2,"minecraft:talked_to_villager":1,"minecraft:raid_win":1,"minecraft:play_time":228880,"minecraft:sneak_time":7107,"minecraft:walk_under_water_one_cm":17950,"minecraft:jump":2729,"minecraft:walk_on_water_one_cm":54710,"minecraft:total_world_time":228880,"minecraft:interact_with_furnace":61,"minecraft:sleep_in_bed":10,"minecraft:time_since_rest":7418,"minecraft:damage_taken":1309,"minecraft:damage_dealt":5175,"minecraft:swim_one_cm":35033,"minecraft:fly_one_cm":318404,"minecraft:open_chest":79,"minecraft:crouch_one_cm":21972,"minecraft:fall_one_cm":55702},"minecraft:picked_up":{"minecraft:crafting_table":1,"minecraft:chicken":11,"minecraft:string":1,"minecraft:cobbled_deepslate":22,"minecraft:beef":5,"minecraft:melon_slice":18,"minecraft:birch_sapling":2,"minecraft:furnace":1,"minecraft:raw_iron":79,"minecraft:stick":2,"minecraft:torch":10,"minecraft:acacia_log":70,"minecraft:pointed_dripstone":8,"minecraft:diorite":8,"minecraft:carrot":12,"minecraft:arrow":4,"minecraft:rotten_flesh":15,"minecraft:hay_block":1,"minecraft:mutton":7,"minecraft:white_wool":4,"minecraft:cobblestone":359,"minecraft:birch_log":69,"minecraft:feather":14,"minecraft:andesite":7,"minecraft:brown_wool":1,"minecraft:leather":4,"minecraft:potato":18,"minecraft:birch_planks":45,"minecraft:oak_log":56,"minecraft:gunpowder":4,"minecraft:cobblestone_stairs":5,"minecraft:dirt":206,"minecraft:lapis_lazuli":12,"minecraft:bone":5,"minecraft:apple":1,"minecraft:wheat_seeds":6,"minecraft:raw_gold":10,"minecraft:iron_ingot":2,"minecraft:oak_planks":41,"minecraft:book":12,"minecraft:pumpkin":2,"minecraft:gravel":9,"minecraft:dripstone_block":3,"minecraft:sand":56,"minecraft:white_bed":1,"minecraft:acacia_stairs":24,"minecraft:emerald":1,"minecraft:oak_sapling":4,"minecraft:coal":161},"minecraft:crafted":{"minecraft:wooden_sword":1,"minecraft:oak_planks":40,"minecraft:cooked_chicken":10,"minecraft:furnace":1,"minecraft:stone":1,"minecraft:cobblestone_stairs":32,"minecraft:cooked_mutton":7,"minecraft:glass_pane":80,"minecraft:glass":31,"minecraft:iron_boots":1,"minecraft:iron_axe":1,"minecraft:stone_pickaxe":3,"minecraft:chest":3,"minecraft:wooden_shovel":1,"minecraft:crafting_table":2,"minecraft:wooden_pickaxe":1,"minecraft:baked_potato":14,"minecraft:iron_helmet":1,"minecraft:iron_sword":1,"minecraft:bucket":1,"minecraft:acacia_stairs":144,"minecraft:birch_planks":248,"minecraft:air":0,"minecraft:iron_chestplate":1,"minecraft:wooden_hoe":1,"minecraft:golden_apple":1,"minecraft:gold_nugget":9,"minecraft:stick":24,"minecraft:iron_ingot":79,"minecraft:iron_pickaxe":1,"minecraft:wooden_axe":1,"minecraft:iron_leggings":1,"minecraft:gold_ingot":9,"minecraft:white_bed":1,"minecraft:acacia_planks":280,"minecraft:torch":4},"minecraft:killed":{"minecraft:spider":2,"minecraft:skeleton":3,"minecraft:chicken":11,"minecraft:drowned":2,"minecraft:ravager":1,"minecraft:creeper":2,"minecraft:sheep":4,"minecraft:zombie":8,"minecraft:enderman":1,"minecraft:cow":3}},"DataVersion":3465}