{"stats":{"minecraft:mined":{"minecraft:white_bed":1,"minecraft:farmland":1,"minecraft:mossy_cobblestone":6,"minecraft:deepslate_diamond_ore":3,"minecraft:cobblestone_stairs":6,"minecraft:acacia_log":121,"minecraft:grass_block":83,"minecraft:redstone_ore":2,"minecraft:furnace":1,"minecraft:carrots":9,"minecraft:iron_ore":106,"minecraft:cobbled_deepslate":3,"minecraft:acacia_stairs":25,"minecraft:andesite":14,"minecraft:pumpkin":2,"minecraft:deepslate_lapis_ore":13,"minecraft:pointed_dripstone":5,"minecraft:bookshelf":4,"minecraft:potatoes":27,"minecraft:vine":1,"minecraft:dirt_path":1,"minecraft:deepslate_iron_ore":28,"minecraft:stone":484,"minecraft:deepslate_redstone_ore":13,"minecraft:acacia_leaves":1,"minecraft:glass_pane":18,"minecraft:crafting_table":1,"minecraft:torch":5,"minecraft:cobblestone":48,"minecraft:tall_grass":4,"minecraft:deepslate_gold_ore":22,"minecraft:lapis_ore":2,"minecraft:wall_torch":8,"minecraft:diorite":33,"minecraft:birch_planks":47,"minecraft:birch_log":70,"minecraft:wheat":6,"minecraft:grass":37,"minecraft:oak_log":57,"minecraft:coal_ore":157,"minecraft:sand":56,"minecraft:gravel":10,"minecraft:dripstone_block":7,"minecraft:dirt":162,"minecraft:acacia_planks":1,"minecraft:gold_ore":2,"minecraft:oak_leaves":1,"minecraft:deepslate":59},"minecraft:used":{"minecraft:chest":3,"minecraft:iron_sword":187,"minecraft:wooden_shovel":59,"minecraft:cooked_chicken":10,"minecraft:rotten_flesh":10,"minecraft:torch":34,"minecraft:dirt":246,"minecraft:mutton":4,"minecraft:carrot":12,"minecraft:birch_door":2,"minecraft:glass":8,"minecraft:wooden_axe":24,"minecraft:lava_bucket":1,"minecraft:iron_axe":338,"minecraft:bow":3,"minecraft:beef":5,"minecraft:furnace":2,"minecraft:potato":28,"minecraft:acacia_planks":134,"minecraft:cobbled_deepslate":12,"minecraft:wheat_seeds":12,"minecraft:cooked_mutton":7,"minecraft:water_bucket":23,"minecraft:diorite":8,"minecraft:cobblestone_stairs":31,"minecraft:birch_planks":219,"minecraft:stone_pickaxe":524,"minecraft:baked_potato":22,"minecraft:wooden_pickaxe":22,"minecraft:cauldron":1,"minecraft:crafting_table":3,"minecraft:blast_furnace":1,"minecraft:white_bed":2,"minecraft:smoker":1,"minecraft:wooden_hoe":59,"minecraft:acacia_stairs":222,"minecraft:iron_pickaxe":475,"minecraft:chicken":1,"minecraft:melon_slice":3,"minecraft:fishing_rod":32,"minecraft:wooden_sword":49,"minecraft:cobblestone":214,"minecraft:bucket":24,"minecraft:andesite":10,"minecraft:glass_pane":114,"minecraft:bone_meal":24},"minecraft:dropped":{"minecraft:iron_ingot":2,"minecraft:iron_sword":1,"minecraft:diorite":16,"minecraft:birch_sapling":2,"minecraft:pointed_dripstone":4,"minecraft:pumpkin_seeds":2,"minecraft:oak_sapling":4,"minecraft:acacia_sapling":1,"minecraft:spider_eye":1},"minecraft:broken":{"minecraft:wooden_shovel":1,"minecraft:stone_pickaxe":4,"minecraft:iron_axe":1,"minecraft:iron_pickaxe":1,"minecraft:wooden_hoe":1},"minecraft:custom":{"minecraft:mob_kills":54,"minecraft:interact_with_crafting_table":63,"minecraft:fill_cauldron":1,"minecraft:leave_game":4,"minecraft:time_since_death":321597,"minecraft:climb_one_cm":1706,"minecraft:sprint_one_cm":702310,"minecraft:walk_one_cm":734910,"minecraft:drop":10,"minecraft:talked_to_villager":1,"minecraft:raid_win":1,"minecraft:play_time":321597,"minecraft:sneak_time":18774,"minecraft:walk_under_water_one_cm":25314,"minecraft:jump":3482,"minecraft:interact_with_blast_furnace":9,"minecraft:walk_on_water_one_cm":88293,"minecraft:total_world_time":321597,"minecraft:interact_with_furnace":75,"minecraft:sleep_in_bed":15,"minecraft:time_since_rest":5401,"minecraft:damage_taken":1948,"minecraft:damage_dealt":8488,"minecraft:swim_one_cm":54771,"minecraft:fly_one_cm":389992,"minecraft:open_chest":102,"minecraft:crouch_one_cm":35184,"minecraft:fish_caught":24,"minecraft:interact_with_smoker":13,"minecraft:fall_one_cm":67307},"minecraft:picked_up":{"minecraft:crafting_table":1,"minecraft:wheat":6,"minecraft:chicken":11,"minecraft:string":6,"minecraft:pufferfish":2,"minecraft:cobbled_deepslate":70,"minecraft:beef":5,"minecraft:melon_slice":18,"minecraft:birch_sapling":2,"minecraft:furnace":1,"minecraft:stick":2,"minecraft:raw_iron":133,"minecraft:bowl":1,"minecraft:torch":13,"minecraft:acacia_log":113,"minecraft:porkchop":1,"minecraft:pointed_dripstone":12,"minecraft:diorite":32,"minecraft:carrot":36,"minecraft:redstone":67,"minecraft:arrow":8,"minecraft:rotten_flesh":17,"minecraft:tropical_fish":1,"minecraft:hay_block":1,"minecraft:saddle":1,"minecraft:mutton":7,"minecraft:cod":15,"minecraft:cobblestone":532,"minecraft:white_wool":4,"minecraft:nautilus_shell":1,"minecraft:birch_log":69,"minecraft:feather":14,"minecraft:salmon":6,"minecraft:andesite":14,"minecraft:brown_wool":1,"minecraft:leather":5,"minecraft:potato":89,"minecraft:birch_planks":48,"minecraft:oak_log":56,"minecraft:gunpowder":4,"minecraft:cobblestone_stairs":5,"minecraft:dirt":268,"minecraft:lapis_lazuli":70,"minecraft:leather_boots":1,"minecraft:bone":12,"minecraft:apple":1,"minecraft:wheat_seeds":22,"minecraft:raw_gold":24,"minecraft:iron_ingot":2,"minecraft:oak_planks":41,"minecraft:iron_sword":1,"minecraft:acacia_sapling":1,"minecraft:book":12,"minecraft:pumpkin":2,"minecraft:gravel":10,"minecraft:dripstone_block":7,"minecraft:sand":56,"minecraft:white_bed":1,"minecraft:acacia_stairs":24,"minecraft:spider_eye":1,"minecraft:mossy_cobblestone":6,"minecraft:diamond":3,"minecraft:emerald":1,"minecraft:oak_sapling":4,"minecraft:coal":161},"minecraft:crafted":{"minecraft:wooden_sword":1,"minecraft:smooth_stone":3,"minecraft:oak_planks":40,"minecraft:fishing_rod":1,"minecraft:cooked_chicken":10,"minecraft:furnace":3,"minecraft:blast_furnace":1,"minecraft:stone":4,"minecraft:cobblestone_stairs":32,"minecraft:bone_meal":24,"minecraft:cooked_mutton":7,"minecraft:glass_pane":128,"minecraft:glass":56,"minecraft:iron_boots":1,"minecraft:iron_axe":1,"minecraft:stone_pickaxe":4,"minecraft:chest":3,"minecraft:birch_door":3,"minecraft:smoker":1,"minecraft:wooden_shovel":1,"minecraft:cauldron":1,"minecraft:cooked_porkchop":1,"minecraft:crafting_table":2,"minecraft:wooden_pickaxe":1,"minecraft:baked_potato":51,"minecraft:iron_helmet":1,"minecraft:iron_sword":1,"minecraft:bucket":1,"minecraft:acacia_stairs":212,"minecraft:birch_planks":248,"minecraft:bread":2,"minecraft:air":0,"minecraft:iron_chestplate":1,"minecraft:wooden_hoe":1,"minecraft:golden_apple":1,"minecraft:diamond_pickaxe":1,"minecraft:gold_nugget":9,"minecraft:stick":48,"minecraft:iron_ingot":133,"minecraft:iron_pickaxe":3,"minecraft:wooden_axe":1,"minecraft:iron_leggings":1,"minecraft:gold_ingot":23,"minecraft:white_bed":1,"minecraft:acacia_planks":452,"minecraft:torch":24},"minecraft:killed":{"minecraft:spider":5,"minecraft:skeleton":9,"minecraft:chicken":11,"minecraft:drowned":2,"minecraft:pig":1,"minecraft:bat":1,"minecraft:ravager":1,"minecraft:creeper":3,"minecraft:sheep":4,"minecraft:zombie":12,"minecraft:enderman":1,"minecraft:cow":3}},"DataVersion":3465}