{"stats":{"minecraft:mined":{"minecraft:white_bed":1,"minecraft:farmland":1,"minecraft:cobblestone_stairs":6,"minecraft:acacia_log":121,"minecraft:grass_block":83,"minecraft:furnace":1,"minecraft:carrots":9,"minecraft:iron_ore":80,"minecraft:cobbled_deepslate":3,"minecraft:acacia_stairs":25,"minecraft:andesite":7,"minecraft:pumpkin":2,"minecraft:bookshelf":4,"minecraft:pointed_dripstone":5,"minecraft:potatoes":12,"minecraft:dirt_path":1,"minecraft:vine":1,"minecraft:stone":316,"minecraft:acacia_leaves":1,"minecraft:glass_pane":18,"minecraft:crafting_table":1,"minecraft:torch":4,"minecraft:cobblestone":44,"minecraft:tall_grass":4,"minecraft:deepslate_gold_ore":10,"minecraft:lapis_ore":2,"minecraft:diorite":8,"minecraft:wall_torch":8,"minecraft:birch_planks":47,"minecraft:birch_log":70,"minecraft:wheat":6,"minecraft:grass":37,"minecraft:oak_log":57,"minecraft:coal_ore":157,"minecraft:sand":56,"minecraft:gravel":9,"minecraft:dripstone_block":3,"minecraft:dirt":162,"minecraft:acacia_planks":1,"minecraft:gold_ore":2,"minecraft:oak_leaves":1,"minecraft:deepslate":19},"minecraft:used":{"minecraft:chest":3,"minecraft:iron_sword":130,"minecraft:wooden_shovel":59,"minecraft:cooked_chicken":10,"minecraft:rotten_flesh":10,"minecraft:torch":25,"minecraft:dirt":246,"minecraft:mutton":4,"minecraft:carrot":12,"minecraft:birch_door":2,"minecraft:glass":8,"minecraft:wooden_axe":24,"minecraft:iron_axe":338,"minecraft:bow":3,"minecraft:beef":5,"minecraft:furnace":2,"minecraft:potato":13,"minecraft:cobbled_deepslate":12,"minecraft:acacia_planks":134,"minecraft:wheat_seeds":12,"minecraft:cooked_mutton":7,"minecraft:water_bucket":21,"minecraft:cobblestone_stairs":31,"minecraft:birch_planks":219,"minecraft:stone_pickaxe":396,"minecraft:baked_potato":11,"minecraft:wooden_pickaxe":22,"minecraft:crafting_table":3,"minecraft:blast_furnace":1,"minecraft:white_bed":2,"minecraft:smoker":1,"minecraft:wooden_hoe":59,"minecraft:acacia_stairs":222,"minecraft:chicken":1,"minecraft:melon_slice":3,"minecraft:iron_pickaxe":252,"minecraft:wooden_sword":49,"minecraft:cobblestone":201,"minecraft:andesite":3,"minecraft:bucket":22,"minecraft:glass_pane":114,"minecraft:bone_meal":3},"minecraft:dropped":{"minecraft:iron_ingot":2,"minecraft:iron_sword":1},"minecraft:broken":{"minecraft:wooden_shovel":1,"minecraft:stone_pickaxe":3,"minecraft:iron_axe":1,"minecraft:iron_pickaxe":1,"minecraft:wooden_hoe":1},"minecraft:custom":{"minecraft:mob_kills":40,"minecraft:interact_with_crafting_table":60,"minecraft:leave_game":2,"minecraft:time_since_death":264880,"minecraft:climb_one_cm":1706,"minecraft:sprint_one_cm":599895,"minecraft:walk_one_cm":630403,"minecraft:drop":3,"minecraft:talked_to_villager":1,"minecraft:raid_win":1,"minecraft:play_time":264880,"minecraft:sneak_time":9896,"minecraft:walk_under_water_one_cm":19725,"minecraft:jump":2918,"minecraft:interact_with_blast_furnace":1,"minecraft:walk_on_water_one_cm":65815,"minecraft:total_world_time":264880,"minecraft:interact_with_furnace":69,"minecraft:sleep_in_bed":13,"minecraft:time_since_rest":2537,"minecraft:damage_taken":1369,"minecraft:damage_dealt":5710,"minecraft:swim_one_cm":42192,"minecraft:fly_one_cm":350924,"minecraft:open_chest":90,"minecraft:crouch_one_cm":31987,"minecraft:interact_with_smoker":8,"minecraft:fall_one_cm":59567},"minecraft:picked_up":{"minecraft:crafting_table":1,"minecraft:wheat":6,"minecraft:chicken":11,"minecraft:string":1,"minecraft:cobbled_deepslate":22,"minecraft:beef":5,"minecraft:melon_slice":18,"minecraft:birch_sapling":2,"minecraft:furnace":1,"minecraft:raw_iron":79,"minecraft:stick":2,"minecraft:torch":12,"minecraft:acacia_log":113,"minecraft:porkchop":1,"minecraft:pointed_dripstone":8,"minecraft:diorite":8,"minecraft:carrot":36,"minecraft:arrow":4,"minecraft:rotten_flesh":15,"minecraft:hay_block":1,"minecraft:mutton":7,"minecraft:white_wool":4,"minecraft:cobblestone":366,"minecraft:birch_log":69,"minecraft:feather":14,"minecraft:andesite":7,"minecraft:brown_wool":1,"minecraft:leather":4,"minecraft:potato":33,"minecraft:birch_planks":48,"minecraft:oak_log":56,"minecraft:gunpowder":4,"minecraft:cobblestone_stairs":5,"minecraft:dirt":268,"minecraft:lapis_lazuli":12,"minecraft:bone":5,"minecraft:apple":1,"minecraft:wheat_seeds":22,"minecraft:raw_gold":12,"minecraft:iron_ingot":2,"minecraft:iron_sword":1,"minecraft:acacia_sapling":1,"minecraft:oak_planks":41,"minecraft:book":12,"minecraft:pumpkin":2,"minecraft:gravel":9,"minecraft:dripstone_block":3,"minecraft:sand":56,"minecraft:white_bed":1,"minecraft:acacia_stairs":24,"minecraft:emerald":1,"minecraft:oak_sapling":4,"minecraft:coal":161},"minecraft:crafted":{"minecraft:wooden_sword":1,"minecraft:smooth_stone":3,"minecraft:oak_planks":40,"minecraft:cooked_chicken":10,"minecraft:furnace":3,"minecraft:blast_furnace":1,"minecraft:stone":4,"minecraft:cobblestone_stairs":32,"minecraft:bone_meal":3,"minecraft:cooked_mutton":7,"minecraft:glass_pane":128,"minecraft:glass":56,"minecraft:iron_boots":1,"minecraft:iron_axe":1,"minecraft:stone_pickaxe":4,"minecraft:chest":3,"minecraft:birch_door":3,"minecraft:smoker":1,"minecraft:wooden_shovel":1,"minecraft:cooked_porkchop":1,"minecraft:crafting_table":2,"minecraft:wooden_pickaxe":1,"minecraft:baked_potato":20,"minecraft:iron_helmet":1,"minecraft:iron_sword":1,"minecraft:bucket":1,"minecraft:acacia_stairs":212,"minecraft:birch_planks":248,"minecraft:bread":2,"minecraft:air":0,"minecraft:iron_chestplate":1,"minecraft:wooden_hoe":1,"minecraft:golden_apple":1,"minecraft:gold_nugget":9,"minecraft:stick":36,"minecraft:iron_ingot":79,"minecraft:iron_pickaxe":3,"minecraft:wooden_axe":1,"minecraft:iron_leggings":1,"minecraft:gold_ingot":9,"minecraft:white_bed":1,"minecraft:acacia_planks":452,"minecraft:torch":24},"minecraft:killed":{"minecraft:spider":2,"minecraft:skeleton":5,"minecraft:chicken":11,"minecraft:drowned":2,"minecraft:pig":1,"minecraft:ravager":1,"minecraft:creeper":2,"minecraft:sheep":4,"minecraft:zombie":8,"minecraft:enderman":1,"minecraft:cow":3}},"DataVersion":3465}