{"stats":{"minecraft:picked_up":{"minecraft:crafting_table":1,"minecraft:wheat":6,"minecraft:chicken":11,"minecraft:string":8,"minecraft:pufferfish":2,"minecraft:cobbled_deepslate":70,"minecraft:beef":5,"minecraft:melon_slice":18,"minecraft:birch_sapling":2,"minecraft:furnace":1,"minecraft:stick":2,"minecraft:raw_iron":148,"minecraft:acacia_log":113,"minecraft:torch":16,"minecraft:bowl":1,"minecraft:porkchop":1,"minecraft:pointed_dripstone":12,"minecraft:diorite":32,"minecraft:carrot":36,"minecraft:redstone":67,"minecraft:arrow":10,"minecraft:rotten_flesh":20,"minecraft:tropical_fish":1,"minecraft:hay_block":1,"minecraft:saddle":1,"minecraft:obsidian":2,"minecraft:mutton":7,"minecraft:cod":20,"minecraft:white_wool":4,"minecraft:cobblestone":533,"minecraft:nautilus_shell":1,"minecraft:birch_log":69,"minecraft:feather":14,"minecraft:andesite":14,"minecraft:salmon":8,"minecraft:brown_wool":1,"minecraft:leather":5,"minecraft:potato":89,"minecraft:birch_planks":48,"minecraft:oak_log":56,"minecraft:gunpowder":4,"minecraft:cobblestone_stairs":5,"minecraft:lapis_lazuli":70,"minecraft:dirt":275,"minecraft:leather_boots":1,"minecraft:bone":15,"minecraft:apple":1,"minecraft:bow":1,"minecraft:wheat_seeds":22,"minecraft:raw_gold":24,"minecraft:iron_ingot":2,"minecraft:oak_planks":41,"minecraft:iron_sword":1,"minecraft:acacia_sapling":1,"minecraft:book":12,"minecraft:pumpkin":2,"minecraft:quartz":4,"minecraft:dripstone_block":9,"minecraft:gravel":10,"minecraft:sand":56,"minecraft:white_bed":1,"minecraft:acacia_stairs":24,"minecraft:spider_eye":1,"minecraft:mossy_cobblestone":6,"minecraft:diamond":8,"minecraft:netherrack":4,"minecraft:emerald":1,"minecraft:oak_sapling":4,"minecraft:coal":166,"minecraft:ender_pearl":2},"minecraft:mined":{"minecraft:white_bed":1,"minecraft:farmland":1,"minecraft:mossy_cobblestone":6,"minecraft:deepslate_diamond_ore":3,"minecraft:cobblestone_stairs":6,"minecraft:obsidian":1,"minecraft:acacia_log":121,"minecraft:grass_block":84,"minecraft:redstone_ore":2,"minecraft:furnace":1,"minecraft:carrots":9,"minecraft:iron_ore":108,"minecraft:cobbled_deepslate":3,"minecraft:acacia_stairs":25,"minecraft:andesite":14,"minecraft:pumpkin":2,"minecraft:deepslate_lapis_ore":13,"minecraft:bookshelf":4,"minecraft:potatoes":27,"minecraft:pointed_dripstone":5,"minecraft:dirt_path":1,"minecraft:deepslate_iron_ore":28,"minecraft:vine":1,"minecraft:stone":484,"minecraft:deepslate_redstone_ore":13,"minecraft:acacia_leaves":1,"minecraft:glass_pane":18,"minecraft:crafting_table":1,"minecraft:torch":5,"minecraft:nether_quartz_ore":4,"minecraft:cobblestone":49,"minecraft:tall_grass":4,"minecraft:deepslate_gold_ore":22,"minecraft:lapis_ore":2,"minecraft:diorite":33,"minecraft:wall_torch":11,"minecraft:birch_planks":47,"minecraft:birch_log":70,"minecraft:wheat":6,"minecraft:grass":37,"minecraft:coal_ore":162,"minecraft:oak_log":57,"minecraft:sand":56,"minecraft:gravel":10,"minecraft:dripstone_block":9,"minecraft:dirt":166,"minecraft:acacia_planks":1,"minecraft:netherrack":5,"minecraft:gold_ore":2,"minecraft:oak_leaves":1,"minecraft:deepslate":59},"minecraft:used":{"minecraft:chest":5,"minecraft:iron_sword":251,"minecraft:wooden_shovel":59,"minecraft:cooked_chicken":10,"minecraft:rotten_flesh":10,"minecraft:torch":42,"minecraft:dirt":246,"minecraft:mutton":4,"minecraft:carrot":12,"minecraft:birch_door":2,"minecraft:glass":8,"minecraft:wooden_axe":24,"minecraft:lava_bucket":2,"minecraft:iron_axe":352,"minecraft:bow":3,"minecraft:beef":5,"minecraft:furnace":2,"minecraft:potato":28,"minecraft:acacia_planks":134,"minecraft:cobbled_deepslate":12,"minecraft:wheat_seeds":12,"minecraft:cooked_mutton":7,"minecraft:water_bucket":24,"minecraft:diorite":8,"minecraft:cobblestone_stairs":31,"minecraft:birch_planks":219,"minecraft:stone_pickaxe":524,"minecraft:baked_potato":44,"minecraft:wooden_pickaxe":22,"minecraft:cauldron":1,"minecraft:crafting_table":3,"minecraft:blast_furnace":1,"minecraft:white_bed":2,"minecraft:smoker":1,"minecraft:wooden_hoe":59,"minecraft:diamond_pickaxe":6,"minecraft:acacia_stairs":222,"minecraft:iron_pickaxe":512,"minecraft:chicken":1,"minecraft:melon_slice":3,"minecraft:fishing_rod":46,"minecraft:wooden_sword":49,"minecraft:cobblestone":215,"minecraft:bucket":27,"minecraft:andesite":10,"minecraft:glass_pane":114,"minecraft:bone_meal":24},"minecraft:dropped":{"minecraft:iron_ingot":2,"minecraft:iron_sword":1,"minecraft:diorite":16,"minecraft:birch_sapling":2,"minecraft:pointed_dripstone":4,"minecraft:pumpkin_seeds":2,"minecraft:oak_sapling":4,"minecraft:acacia_sapling":1,"minecraft:spider_eye":1},"minecraft:killed":{"minecraft:spider":8,"minecraft:skeleton":11,"minecraft:chicken":11,"minecraft:drowned":2,"minecraft:pig":1,"minecraft:bat":1,"minecraft:ravager":1,"minecraft:creeper":3,"minecraft:sheep":4,"minecraft:zombie":16,"creeperoverhaul:savannah_creeper":1,"minecraft:enderman":4,"minecraft:cow":3},"minecraft:broken":{"minecraft:wooden_shovel":1,"minecraft:stone_pickaxe":4,"minecraft:iron_axe":1,"minecraft:iron_pickaxe":2,"minecraft:wooden_hoe":1},"minecraft:crafted":{"minecraft:wooden_sword":1,"minecraft:smooth_stone":3,"minecraft:oak_planks":40,"minecraft:fishing_rod":1,"minecraft:cooked_chicken":10,"minecraft:furnace":3,"minecraft:blast_furnace":1,"minecraft:stone":4,"minecraft:cobblestone_stairs":32,"minecraft:bone_meal":24,"minecraft:cooked_mutton":7,"minecraft:glass_pane":128,"minecraft:glass":56,"minecraft:iron_boots":1,"minecraft:iron_axe":1,"minecraft:stone_pickaxe":4,"minecraft:chest":5,"minecraft:birch_door":3,"minecraft:smoker":1,"minecraft:cooked_cod":20,"minecraft:wooden_shovel":1,"minecraft:cauldron":1,"minecraft:cooked_porkchop":1,"minecraft:crafting_table":2,"minecraft:iron_helmet":1,"minecraft:wooden_pickaxe":1,"minecraft:baked_potato":61,"minecraft:iron_sword":1,"minecraft:bucket":1,"minecraft:acacia_stairs":212,"minecraft:birch_planks":248,"minecraft:bread":2,"minecraft:air":0,"minecraft:iron_chestplate":1,"minecraft:wooden_hoe":1,"minecraft:golden_apple":1,"minecraft:diamond_pickaxe":2,"minecraft:gold_nugget":9,"minecraft:stick":56,"minecraft:iron_ingot":133,"minecraft:iron_pickaxe":3,"minecraft:wooden_axe":1,"minecraft:iron_leggings":1,"minecraft:gold_ingot":23,"minecraft:white_bed":1,"minecraft:acacia_planks":452,"minecraft:torch":64},"minecraft:custom":{"minecraft:interact_with_smithing_table":1,"minecraft:mob_kills":67,"minecraft:interact_with_crafting_table":70,"minecraft:open_barrel":8,"minecraft:fill_cauldron":1,"minecraft:leave_game":5,"minecraft:time_since_death":372872,"minecraft:climb_one_cm":1706,"minecraft:sprint_one_cm":887415,"minecraft:walk_one_cm":826315,"minecraft:drop":10,"minecraft:talked_to_villager":1,"minecraft:raid_win":1,"minecraft:play_time":372872,"minecraft:sneak_time":19107,"minecraft:walk_under_water_one_cm":32860,"minecraft:jump":4182,"minecraft:interact_with_blast_furnace":11,"minecraft:walk_on_water_one_cm":127777,"minecraft:total_world_time":372872,"minecraft:interact_with_furnace":81,"minecraft:sleep_in_bed":17,"minecraft:time_since_rest":2507,"minecraft:damage_taken":2706,"minecraft:damage_dealt":11825,"minecraft:swim_one_cm":85845,"minecraft:fly_one_cm":506373,"minecraft:open_chest":144,"minecraft:crouch_one_cm":36216,"minecraft:use_cauldron":1,"minecraft:fish_caught":31,"minecraft:interact_with_smoker":22,"minecraft:fall_one_cm":88639}},"DataVersion":3465}