{"stats":{"minecraft:mined":{"minecraft:white_bed":1,"minecraft:farmland":1,"minecraft:mossy_cobblestone":6,"minecraft:deepslate_diamond_ore":3,"minecraft:cobblestone_stairs":6,"minecraft:acacia_log":121,"minecraft:grass_block":83,"minecraft:redstone_ore":2,"minecraft:furnace":1,"minecraft:carrots":9,"minecraft:iron_ore":106,"minecraft:cobbled_deepslate":3,"minecraft:acacia_stairs":25,"minecraft:andesite":14,"minecraft:pumpkin":2,"minecraft:deepslate_lapis_ore":13,"minecraft:bookshelf":4,"minecraft:pointed_dripstone":5,"minecraft:potatoes":12,"minecraft:deepslate_iron_ore":28,"minecraft:dirt_path":1,"minecraft:vine":1,"minecraft:stone":472,"minecraft:deepslate_redstone_ore":13,"minecraft:acacia_leaves":1,"minecraft:glass_pane":18,"minecraft:crafting_table":1,"minecraft:torch":4,"minecraft:cobblestone":46,"minecraft:tall_grass":4,"minecraft:deepslate_gold_ore":22,"minecraft:lapis_ore":2,"minecraft:diorite":33,"minecraft:wall_torch":8,"minecraft:birch_planks":47,"minecraft:birch_log":70,"minecraft:wheat":6,"minecraft:grass":37,"minecraft:oak_log":57,"minecraft:coal_ore":157,"minecraft:sand":56,"minecraft:gravel":10,"minecraft:dripstone_block":7,"minecraft:dirt":162,"minecraft:acacia_planks":1,"minecraft:gold_ore":2,"minecraft:oak_leaves":1,"minecraft:deepslate":59},"minecraft:used":{"minecraft:chest":3,"minecraft:iron_sword":187,"minecraft:wooden_shovel":59,"minecraft:cooked_chicken":10,"minecraft:rotten_flesh":10,"minecraft:torch":30,"minecraft:dirt":246,"minecraft:mutton":4,"minecraft:carrot":12,"minecraft:birch_door":2,"minecraft:glass":8,"minecraft:wooden_axe":24,"minecraft:iron_axe":338,"minecraft:bow":3,"minecraft:beef":5,"minecraft:furnace":2,"minecraft:potato":13,"minecraft:cobbled_deepslate":12,"minecraft:acacia_planks":134,"minecraft:wheat_seeds":12,"minecraft:cooked_mutton":7,"minecraft:water_bucket":21,"minecraft:diorite":8,"minecraft:cobblestone_stairs":31,"minecraft:birch_planks":219,"minecraft:stone_pickaxe":524,"minecraft:baked_potato":19,"minecraft:wooden_pickaxe":22,"minecraft:crafting_table":3,"minecraft:blast_furnace":1,"minecraft:white_bed":2,"minecraft:smoker":1,"minecraft:wooden_hoe":59,"minecraft:acacia_stairs":222,"minecraft:chicken":1,"minecraft:melon_slice":3,"minecraft:iron_pickaxe":461,"minecraft:wooden_sword":49,"minecraft:cobblestone":210,"minecraft:andesite":10,"minecraft:bucket":22,"minecraft:glass_pane":114,"minecraft:bone_meal":3},"minecraft:dropped":{"minecraft:iron_ingot":2,"minecraft:iron_sword":1},"minecraft:broken":{"minecraft:wooden_shovel":1,"minecraft:stone_pickaxe":4,"minecraft:iron_axe":1,"minecraft:iron_pickaxe":1,"minecraft:wooden_hoe":1},"minecraft:custom":{"minecraft:mob_kills":54,"minecraft:interact_with_crafting_table":60,"minecraft:leave_game":2,"minecraft:time_since_death":288880,"minecraft:climb_one_cm":1706,"minecraft:sprint_one_cm":667911,"minecraft:walk_one_cm":698846,"minecraft:drop":3,"minecraft:talked_to_villager":1,"minecraft:raid_win":1,"minecraft:play_time":288880,"minecraft:sneak_time":10293,"minecraft:walk_under_water_one_cm":23303,"minecraft:jump":3254,"minecraft:interact_with_blast_furnace":1,"minecraft:walk_on_water_one_cm":75362,"minecraft:total_world_time":288880,"minecraft:interact_with_furnace":69,"minecraft:sleep_in_bed":13,"minecraft:time_since_rest":26537,"minecraft:damage_taken":1714,"minecraft:damage_dealt":8488,"minecraft:swim_one_cm":47473,"minecraft:fly_one_cm":368050,"minecraft:open_chest":91,"minecraft:crouch_one_cm":32918,"minecraft:interact_with_smoker":8,"minecraft:fall_one_cm":61884},"minecraft:picked_up":{"minecraft:crafting_table":1,"minecraft:wheat":6,"minecraft:chicken":11,"minecraft:string":6,"minecraft:cobbled_deepslate":70,"minecraft:beef":5,"minecraft:melon_slice":18,"minecraft:birch_sapling":2,"minecraft:furnace":1,"minecraft:raw_iron":133,"minecraft:stick":2,"minecraft:torch":12,"minecraft:acacia_log":113,"minecraft:porkchop":1,"minecraft:pointed_dripstone":12,"minecraft:diorite":32,"minecraft:carrot":36,"minecraft:redstone":67,"minecraft:arrow":8,"minecraft:rotten_flesh":17,"minecraft:hay_block":1,"minecraft:mutton":7,"minecraft:white_wool":4,"minecraft:cobblestone":522,"minecraft:birch_log":69,"minecraft:feather":14,"minecraft:andesite":14,"minecraft:brown_wool":1,"minecraft:leather":4,"minecraft:potato":33,"minecraft:birch_planks":48,"minecraft:oak_log":56,"minecraft:gunpowder":4,"minecraft:cobblestone_stairs":5,"minecraft:dirt":268,"minecraft:lapis_lazuli":70,"minecraft:bone":12,"minecraft:apple":1,"minecraft:wheat_seeds":22,"minecraft:raw_gold":24,"minecraft:iron_ingot":2,"minecraft:iron_sword":1,"minecraft:acacia_sapling":1,"minecraft:oak_planks":41,"minecraft:book":12,"minecraft:pumpkin":2,"minecraft:gravel":10,"minecraft:dripstone_block":7,"minecraft:sand":56,"minecraft:white_bed":1,"minecraft:acacia_stairs":24,"minecraft:spider_eye":1,"minecraft:mossy_cobblestone":6,"minecraft:diamond":3,"minecraft:emerald":1,"minecraft:oak_sapling":4,"minecraft:coal":161},"minecraft:crafted":{"minecraft:wooden_sword":1,"minecraft:smooth_stone":3,"minecraft:oak_planks":40,"minecraft:cooked_chicken":10,"minecraft:furnace":3,"minecraft:blast_furnace":1,"minecraft:stone":4,"minecraft:cobblestone_stairs":32,"minecraft:bone_meal":3,"minecraft:cooked_mutton":7,"minecraft:glass_pane":128,"minecraft:glass":56,"minecraft:iron_boots":1,"minecraft:iron_axe":1,"minecraft:stone_pickaxe":4,"minecraft:chest":3,"minecraft:birch_door":3,"minecraft:smoker":1,"minecraft:wooden_shovel":1,"minecraft:cooked_porkchop":1,"minecraft:crafting_table":2,"minecraft:wooden_pickaxe":1,"minecraft:baked_potato":20,"minecraft:iron_helmet":1,"minecraft:iron_sword":1,"minecraft:bucket":1,"minecraft:acacia_stairs":212,"minecraft:birch_planks":248,"minecraft:bread":2,"minecraft:air":0,"minecraft:iron_chestplate":1,"minecraft:wooden_hoe":1,"minecraft:golden_apple":1,"minecraft:gold_nugget":9,"minecraft:stick":36,"minecraft:iron_ingot":79,"minecraft:iron_pickaxe":3,"minecraft:wooden_axe":1,"minecraft:iron_leggings":1,"minecraft:gold_ingot":9,"minecraft:white_bed":1,"minecraft:acacia_planks":452,"minecraft:torch":24},"minecraft:killed":{"minecraft:spider":5,"minecraft:skeleton":9,"minecraft:chicken":11,"minecraft:drowned":2,"minecraft:pig":1,"minecraft:bat":1,"minecraft:ravager":1,"minecraft:creeper":3,"minecraft:sheep":4,"minecraft:zombie":12,"minecraft:enderman":1,"minecraft:cow":3}},"DataVersion":3465}