{"stats":{"minecraft:killed_by":{"minecraft:creeper":1},"minecraft:mined":{"minecraft:podzol":1,"minecraft:deepslate_redstone_ore":15,"minecraft:white_bed":7,"minecraft:deepslate_diamond_ore":3,"minecraft:dandelion":2,"minecraft:crafting_table":7,"minecraft:grass_block":25,"minecraft:melon":12,"minecraft:tall_grass":20,"minecraft:cobblestone":28,"minecraft:lapis_ore":2,"minecraft:sugar_cane":5,"minecraft:diorite":8,"minecraft:wall_torch":4,"minecraft:furnace":4,"minecraft:fire":7,"minecraft:iron_ore":7,"minecraft:cobbled_deepslate":4,"minecraft:andesite":8,"minecraft:tnt":9,"minecraft:azure_bluet":1,"minecraft:grass":145,"minecraft:coal_ore":11,"minecraft:oak_log":25,"minecraft:deepslate_iron_ore":6,"minecraft:sunflower":6,"minecraft:gravel":7,"minecraft:dirt":88,"minecraft:bamboo":28,"minecraft:stone":57,"minecraft:oak_leaves":11,"minecraft:deepslate":129,"minecraft:fern":2},"minecraft:crafted":{"minecraft:oak_planks":56,"minecraft:cooked_porkchop":2,"minecraft:crafting_table":3,"minecraft:wooden_pickaxe":3,"minecraft:iron_sword":1,"minecraft:stone_axe":3,"minecraft:cooked_mutton":2,"minecraft:flint_and_steel":1,"minecraft:yellow_dye":1,"minecraft:stick":24,"minecraft:iron_ingot":7,"minecraft:iron_pickaxe":1,"minecraft:stone_pickaxe":2,"minecraft:white_bed":1,"minecraft:torch":8},"minecraft:killed":{"minecraft:pig":3,"minecraft:spider":1,"minecraft:creeper":1,"minecraft:skeleton":4,"minecraft:sheep":4,"minecraft:zombie":4,"minecraft:chicken":1,"minecraft:cow":1},"minecraft:dropped":{"minecraft:gravel":10,"minecraft:iron_ingot":4,"minecraft:sugar_cane":4,"minecraft:wheat_seeds":17,"minecraft:cobbled_deepslate":35,"minecraft:diamond":1,"minecraft:feather":1,"minecraft:rotten_flesh":3,"minecraft:oak_planks":5,"minecraft:azure_bluet":1,"minecraft:white_bed":1,"minecraft:stick":1,"minecraft:dirt":9,"minecraft:gunpowder":2,"minecraft:diorite":8,"minecraft:andesite":8,"minecraft:sunflower":7,"minecraft:arrow":1,"minecraft:wooden_pickaxe":2,"minecraft:string":1,"minecraft:white_wool":1,"minecraft:dandelion":1},"minecraft:broken":{"minecraft:stone_pickaxe":1,"minecraft:stone_axe":2},"minecraft:picked_up":{"minecraft:crafting_table":7,"minecraft:feather":1,"minecraft:azure_bluet":1,"minecraft:cooked_beef":4,"minecraft:chicken":1,"minecraft:andesite":16,"minecraft:wooden_pickaxe":1,"minecraft:flint":6,"minecraft:oak_log":25,"minecraft:gunpowder":4,"minecraft:lapis_lazuli":24,"minecraft:string":1,"minecraft:dirt":122,"minecraft:bone":6,"minecraft:wheat_seeds":37,"minecraft:cobbled_deepslate":184,"minecraft:raw_gold":2,"minecraft:iron_ingot":3,"minecraft:iron_pickaxe":1,"minecraft:bamboo":234,"minecraft:melon_slice":58,"minecraft:sugar_cane":8,"minecraft:oak_planks":13,"minecraft:iron_sword":1,"minecraft:furnace":5,"minecraft:stick":3,"minecraft:raw_iron":17,"minecraft:torch":5,"minecraft:dandelion":3,"minecraft:gravel":22,"minecraft:porkchop":5,"minecraft:diorite":14,"minecraft:white_bed":8,"minecraft:redstone":130,"minecraft:tnt":9,"minecraft:arrow":6,"minecraft:rotten_flesh":8,"minecraft:diamond":7,"minecraft:emerald":3,"minecraft:oak_sapling":3,"minecraft:mutton":27,"minecraft:coal":18,"minecraft:white_wool":4,"minecraft:cobblestone":113,"minecraft:sunflower":14},"minecraft:custom":{"minecraft:interact_with_furnace":12,"minecraft:mob_kills":24,"minecraft:interact_with_crafting_table":13,"minecraft:bell_ring":1,"minecraft:leave_game":7,"minecraft:time_since_death":6596,"minecraft:sleep_in_bed":7,"minecraft:climb_one_cm":1920,"minecraft:time_since_rest":6616,"minecraft:sprint_one_cm":377188,"minecraft:damage_taken":1593,"minecraft:walk_one_cm":309522,"minecraft:drop":29,"minecraft:damage_dealt":2759,"minecraft:swim_one_cm":11933,"minecraft:fly_one_cm":193225,"minecraft:open_chest":1,"minecraft:crouch_one_cm":12408,"minecraft:play_time":115058,"minecraft:deaths":3,"minecraft:sneak_time":5806,"minecraft:walk_under_water_one_cm":2205,"minecraft:jump":1645,"minecraft:walk_on_water_one_cm":12740,"minecraft:total_world_time":115058,"minecraft:fall_one_cm":33665},"minecraft:used":{"minecraft:cooked_mutton":2,"minecraft:netherite_sword":2,"minecraft:flint_and_steel":5,"minecraft:stone_pickaxe":133,"minecraft:oak_planks":2,"minecraft:wooden_pickaxe":36,"minecraft:iron_sword":73,"minecraft:torch":11,"minecraft:dirt":32,"minecraft:tnt":35,"minecraft:crafting_table":9,"minecraft:white_bed":6,"minecraft:redstone_torch":1,"minecraft:creeper_spawn_egg":6,"minecraft:bread":9,"minecraft:chicken":1,"minecraft:iron_pickaxe":128,"minecraft:gravel":3,"minecraft:stone_axe":213,"minecraft:cobblestone":58,"minecraft:oak_sapling":2,"minecraft:furnace":3,"minecraft:porkchop":3,"minecraft:cooked_porkchop":2,"minecraft:cooked_beef":4,"minecraft:cobbled_deepslate":114}},"DataVersion":3465}