{"stats":{"minecraft:mined":{"minecraft:white_bed":15,"minecraft:farmland":1,"minecraft:deepslate_diamond_ore":3,"minecraft:grass_block":308,"minecraft:composter":2,"minecraft:hay_block":34,"minecraft:carrots":41,"minecraft:furnace":4,"minecraft:cobbled_deepslate":4,"minecraft:iron_ore":9,"minecraft:fire":15,"minecraft:andesite":8,"minecraft:fletching_table":2,"minecraft:azure_bluet":1,"minecraft:potatoes":13,"minecraft:dirt_path":65,"minecraft:deepslate_iron_ore":6,"minecraft:bamboo":28,"minecraft:stone":71,"minecraft:white_wool":9,"minecraft:smithing_table":2,"minecraft:podzol":1,"minecraft:deepslate_redstone_ore":15,"minecraft:oak_slab":18,"minecraft:dandelion":2,"minecraft:oak_fence":38,"minecraft:crafting_table":7,"minecraft:melon":12,"minecraft:rose_bush":13,"minecraft:lectern":1,"minecraft:copper_ore":1,"minecraft:tall_grass":22,"minecraft:cobblestone":29,"minecraft:grindstone":1,"minecraft:lapis_ore":2,"minecraft:sugar_cane":5,"minecraft:oak_planks":12,"minecraft:diorite":8,"minecraft:wall_torch":7,"minecraft:birch_sapling":1,"minecraft:birch_log":74,"minecraft:yellow_wool":11,"minecraft:wheat":32,"minecraft:birch_leaves":8,"minecraft:tnt":9,"minecraft:grass":259,"minecraft:oak_log":486,"minecraft:coal_ore":12,"minecraft:beetroots":5,"minecraft:sunflower":6,"minecraft:gravel":23,"minecraft:dirt":455,"minecraft:oak_leaves":108,"minecraft:deepslate":129,"minecraft:fern":2},"minecraft:used":{"minecraft:oak_fence":1,"minecraft:netherite_sword":2,"minecraft:rose_bush":9,"minecraft:iron_shovel":541,"minecraft:flint_and_steel":16,"minecraft:stone_shovel":132,"minecraft:chest":3,"minecraft:iron_sword":172,"minecraft:stone_hoe":47,"minecraft:torch":21,"minecraft:dirt":521,"minecraft:carrot":51,"minecraft:iron_axe":825,"minecraft:birch_sapling":4,"minecraft:bow":4,"minecraft:hay_block":15,"minecraft:oak_sapling":19,"minecraft:furnace":4,"minecraft:beetroot_seeds":1,"minecraft:cooked_beef":4,"minecraft:potato":13,"minecraft:cobbled_deepslate":114,"minecraft:wheat_seeds":39,"minecraft:cooked_mutton":8,"minecraft:water_bucket":2,"minecraft:stone_pickaxe":140,"minecraft:oak_planks":2,"minecraft:wooden_pickaxe":36,"minecraft:composter":2,"minecraft:fletching_table":4,"minecraft:crafting_table":11,"minecraft:tnt":35,"minecraft:crossbow":2,"minecraft:white_bed":20,"minecraft:redstone_torch":1,"minecraft:creeper_spawn_egg":6,"minecraft:apple":3,"minecraft:bread":9,"minecraft:chicken":1,"minecraft:melon_slice":53,"minecraft:iron_pickaxe":186,"minecraft:gravel":11,"minecraft:yellow_wool":3,"minecraft:stone_axe":229,"minecraft:cobblestone":64,"minecraft:grindstone":3,"minecraft:porkchop":3,"minecraft:cooked_porkchop":2,"minecraft:smithing_table":3,"minecraft:birch_log":12,"minecraft:bucket":2,"minecraft:bone_meal":13},"minecraft:dropped":{"minecraft:stone_hoe":4,"minecraft:iron_ingot":6,"minecraft:wheat_seeds":21,"minecraft:diamond":1,"minecraft:golden_axe":3,"minecraft:feather":1,"minecraft:cobblestone":15,"minecraft:stick":33,"minecraft:dirt":60,"minecraft:diorite":8,"minecraft:rose_bush":3,"minecraft:melon_slice":18,"minecraft:sunflower":7,"minecraft:iron_axe":67,"minecraft:iron_pickaxe":1,"minecraft:iron_shovel":1,"minecraft:string":1,"minecraft:white_wool":1,"minecraft:dandelion":1,"minecraft:gravel":16,"minecraft:sugar_cane":4,"minecraft:cobbled_deepslate":35,"minecraft:yellow_wool":2,"minecraft:beetroot":5,"minecraft:rotten_flesh":3,"minecraft:grindstone":1,"minecraft:oak_planks":20,"minecraft:azure_bluet":1,"minecraft:white_bed":1,"minecraft:carrot":61,"minecraft:potato":14,"minecraft:hay_block":6,"minecraft:tipped_arrow":2,"minecraft:gunpowder":2,"minecraft:andesite":8,"minecraft:arrow":3,"minecraft:wooden_pickaxe":2},"minecraft:broken":{"minecraft:iron_shovel":1,"minecraft:stone_pickaxe":1,"minecraft:iron_axe":3,"minecraft:stone_axe":2,"minecraft:stone_shovel":1},"minecraft:picked_up":{"minecraft:crafting_table":7,"minecraft:wheat":3,"minecraft:azure_bluet":1,"minecraft:chicken":1,"minecraft:smithing_table":2,"minecraft:yellow_wool":11,"minecraft:wooden_pickaxe":1,"minecraft:string":1,"minecraft:raw_copper":2,"minecraft:iron_axe":15,"minecraft:flint_and_steel":1,"minecraft:iron_shovel":2,"minecraft:beetroot":5,"minecraft:cobbled_deepslate":184,"minecraft:rose_bush":12,"minecraft:iron_pickaxe":3,"minecraft:lectern":1,"minecraft:melon_slice":59,"minecraft:sugar_cane":8,"minecraft:birch_sapling":5,"minecraft:furnace":6,"minecraft:tipped_arrow":2,"minecraft:stick":32,"minecraft:raw_iron":24,"minecraft:composter":2,"minecraft:oak_fence":38,"minecraft:torch":15,"minecraft:porkchop":5,"minecraft:golden_axe":3,"minecraft:diorite":14,"minecraft:carrot":113,"minecraft:redstone":195,"minecraft:tnt":9,"minecraft:arrow":13,"minecraft:rotten_flesh":8,"minecraft:beetroot_seeds":10,"minecraft:hay_block":48,"minecraft:mutton":37,"minecraft:white_wool":27,"minecraft:cobblestone":141,"minecraft:birch_log":74,"minecraft:feather":1,"minecraft:cooked_beef":4,"minecraft:andesite":16,"minecraft:potato":27,"minecraft:flint":10,"minecraft:oak_log":479,"minecraft:gunpowder":4,"minecraft:lapis_lazuli":36,"minecraft:dirt":825,"minecraft:white_banner":1,"minecraft:cooked_mutton":1,"minecraft:bone":10,"minecraft:apple":3,"minecraft:grindstone":1,"minecraft:bow":1,"minecraft:wheat_seeds":101,"minecraft:raw_gold":3,"minecraft:iron_ingot":5,"minecraft:fletching_table":2,"minecraft:bamboo":404,"minecraft:oak_planks":109,"minecraft:iron_sword":3,"minecraft:stone_hoe":3,"minecraft:oak_slab":22,"minecraft:dandelion":3,"minecraft:oak_pressure_plate":1,"minecraft:gravel":36,"minecraft:white_bed":17,"minecraft:stone_axe":1,"minecraft:diamond":16,"minecraft:crossbow":2,"minecraft:bone_meal":1,"minecraft:emerald":7,"minecraft:oak_sapling":22,"minecraft:coal":24,"minecraft:sunflower":14},"minecraft:custom":{"minecraft:interact_with_smithing_table":2,"minecraft:mob_kills":30,"minecraft:interact_with_crafting_table":59,"minecraft:bell_ring":6,"minecraft:leave_game":10,"minecraft:time_since_death":68976,"minecraft:climb_one_cm":2253,"minecraft:sprint_one_cm":908450,"minecraft:walk_one_cm":1154150,"minecraft:drop":228,"minecraft:talked_to_villager":114,"minecraft:raid_win":1,"minecraft:play_time":330848,"minecraft:deaths":7,"minecraft:sneak_time":9844,"minecraft:walk_under_water_one_cm":4377,"minecraft:jump":3714,"minecraft:walk_on_water_one_cm":18836,"minecraft:total_world_time":330848,"minecraft:interact_with_furnace":32,"minecraft:traded_with_villager":242,"minecraft:interact_with_grindstone":1,"minecraft:sleep_in_bed":18,"minecraft:time_since_rest":1795,"minecraft:damage_taken":3433,"minecraft:damage_dealt":5231,"minecraft:swim_one_cm":18448,"minecraft:fly_one_cm":366598,"minecraft:open_chest":76,"minecraft:crouch_one_cm":21067,"minecraft:fall_one_cm":73171},"minecraft:crafted":{"minecraft:grindstone":3,"minecraft:oak_planks":1916,"minecraft:stone_shovel":1,"minecraft:stone":3,"minecraft:bone_meal":12,"minecraft:cooked_mutton":8,"minecraft:flint_and_steel":1,"minecraft:iron_axe":83,"minecraft:stone_pickaxe":2,"minecraft:chest":3,"minecraft:stone_hoe":1,"minecraft:emerald":145,"minecraft:cooked_porkchop":2,"minecraft:crafting_table":4,"minecraft:wooden_pickaxe":3,"minecraft:iron_sword":1,"minecraft:smithing_table":1,"minecraft:birch_planks":224,"minecraft:fletching_table":2,"minecraft:bucket":1,"minecraft:stone_axe":18,"minecraft:yellow_dye":1,"minecraft:stick":4080,"minecraft:stone_slab":6,"minecraft:iron_ingot":14,"minecraft:iron_pickaxe":1,"minecraft:iron_shovel":2,"minecraft:gold_ingot":2,"minecraft:white_bed":6,"minecraft:torch":8,"minecraft:shears":1},"minecraft:killed_by":{"minecraft:creeper":1,"minecraft:ravager":2,"minecraft:vindicator":1},"minecraft:killed":{"minecraft:vindicator":1,"minecraft:spider":1,"minecraft:skeleton":4,"minecraft:chicken":1,"minecraft:pig":3,"minecraft:creeper":1,"minecraft:sheep":4,"minecraft:pillager":2,"minecraft:zombie":5,"minecraft:cow":1}},"DataVersion":3465}