{"stats":{"minecraft:mined":{"minecraft:white_bed":13,"minecraft:deepslate_diamond_ore":3,"minecraft:grass_block":84,"minecraft:furnace":4,"minecraft:cobbled_deepslate":4,"minecraft:iron_ore":7,"minecraft:fire":7,"minecraft:andesite":8,"minecraft:azure_bluet":1,"minecraft:dirt_path":14,"minecraft:deepslate_iron_ore":6,"minecraft:bamboo":28,"minecraft:stone":58,"minecraft:white_wool":6,"minecraft:podzol":1,"minecraft:deepslate_redstone_ore":15,"minecraft:oak_slab":12,"minecraft:dandelion":2,"minecraft:oak_fence":24,"minecraft:crafting_table":7,"minecraft:melon":12,"minecraft:lectern":1,"minecraft:tall_grass":21,"minecraft:cobblestone":29,"minecraft:lapis_ore":2,"minecraft:sugar_cane":5,"minecraft:oak_planks":8,"minecraft:diorite":8,"minecraft:wall_torch":5,"minecraft:yellow_wool":6,"minecraft:birch_leaves":1,"minecraft:tnt":9,"minecraft:grass":150,"minecraft:oak_log":25,"minecraft:coal_ore":12,"minecraft:sunflower":6,"minecraft:gravel":7,"minecraft:dirt":186,"minecraft:oak_leaves":17,"minecraft:deepslate":129,"minecraft:fern":2},"minecraft:used":{"minecraft:netherite_sword":2,"minecraft:flint_and_steel":5,"minecraft:stone_shovel":132,"minecraft:chest":1,"minecraft:iron_sword":87,"minecraft:torch":15,"minecraft:dirt":183,"minecraft:iron_axe":56,"minecraft:bow":4,"minecraft:oak_sapling":2,"minecraft:furnace":4,"minecraft:cooked_beef":4,"minecraft:cobbled_deepslate":114,"minecraft:cooked_mutton":2,"minecraft:stone_pickaxe":140,"minecraft:oak_planks":2,"minecraft:wooden_pickaxe":36,"minecraft:crafting_table":11,"minecraft:tnt":35,"minecraft:white_bed":12,"minecraft:creeper_spawn_egg":6,"minecraft:redstone_torch":1,"minecraft:melon_slice":24,"minecraft:chicken":1,"minecraft:bread":9,"minecraft:iron_pickaxe":133,"minecraft:gravel":3,"minecraft:stone_axe":229,"minecraft:cobblestone":64,"minecraft:porkchop":3,"minecraft:cooked_porkchop":2},"minecraft:dropped":{"minecraft:iron_ingot":6,"minecraft:wheat_seeds":17,"minecraft:diamond":1,"minecraft:feather":1,"minecraft:cobblestone":5,"minecraft:stick":1,"minecraft:dirt":9,"minecraft:diorite":8,"minecraft:melon_slice":12,"minecraft:sunflower":7,"minecraft:string":1,"minecraft:white_wool":1,"minecraft:dandelion":1,"minecraft:gravel":10,"minecraft:sugar_cane":4,"minecraft:cobbled_deepslate":35,"minecraft:rotten_flesh":3,"minecraft:oak_planks":20,"minecraft:azure_bluet":1,"minecraft:white_bed":1,"minecraft:gunpowder":2,"minecraft:andesite":8,"minecraft:arrow":1,"minecraft:wooden_pickaxe":2},"minecraft:broken":{"minecraft:stone_pickaxe":1,"minecraft:stone_axe":2,"minecraft:stone_shovel":1},"minecraft:custom":{"minecraft:mob_kills":26,"minecraft:interact_with_crafting_table":19,"minecraft:bell_ring":2,"minecraft:leave_game":9,"minecraft:time_since_death":40457,"minecraft:climb_one_cm":2253,"minecraft:sprint_one_cm":513434,"minecraft:walk_one_cm":428927,"minecraft:drop":63,"minecraft:play_time":148919,"minecraft:deaths":3,"minecraft:sneak_time":7409,"minecraft:walk_under_water_one_cm":2753,"minecraft:jump":2228,"minecraft:walk_on_water_one_cm":14598,"minecraft:total_world_time":148919,"minecraft:interact_with_furnace":14,"minecraft:sleep_in_bed":9,"minecraft:time_since_rest":7783,"minecraft:damage_taken":1793,"minecraft:damage_dealt":3091,"minecraft:swim_one_cm":18448,"minecraft:fly_one_cm":260463,"minecraft:open_chest":3,"minecraft:crouch_one_cm":15663,"minecraft:fall_one_cm":44713},"minecraft:picked_up":{"minecraft:crafting_table":7,"minecraft:azure_bluet":1,"minecraft:chicken":1,"minecraft:yellow_wool":6,"minecraft:wooden_pickaxe":1,"minecraft:string":1,"minecraft:flint_and_steel":1,"minecraft:cobbled_deepslate":184,"minecraft:iron_pickaxe":2,"minecraft:lectern":1,"minecraft:melon_slice":58,"minecraft:sugar_cane":8,"minecraft:furnace":6,"minecraft:raw_iron":22,"minecraft:stick":3,"minecraft:oak_fence":24,"minecraft:torch":11,"minecraft:porkchop":5,"minecraft:diorite":14,"minecraft:redstone":195,"minecraft:tnt":9,"minecraft:rotten_flesh":8,"minecraft:arrow":11,"minecraft:mutton":37,"minecraft:white_wool":18,"minecraft:cobblestone":128,"minecraft:feather":1,"minecraft:cooked_beef":4,"minecraft:andesite":16,"minecraft:flint":9,"minecraft:oak_log":25,"minecraft:gunpowder":4,"minecraft:lapis_lazuli":36,"minecraft:dirt":283,"minecraft:bone":10,"minecraft:bow":1,"minecraft:wheat_seeds":44,"minecraft:raw_gold":3,"minecraft:iron_ingot":5,"minecraft:bamboo":404,"minecraft:iron_sword":2,"minecraft:oak_planks":33,"minecraft:oak_slab":12,"minecraft:dandelion":3,"minecraft:gravel":22,"minecraft:white_bed":15,"minecraft:diamond":10,"minecraft:emerald":6,"minecraft:oak_sapling":5,"minecraft:coal":24,"minecraft:sunflower":14},"minecraft:crafted":{"minecraft:oak_planks":100,"minecraft:stone_shovel":1,"minecraft:cooked_mutton":2,"minecraft:flint_and_steel":1,"minecraft:iron_axe":1,"minecraft:stone_pickaxe":2,"minecraft:chest":1,"minecraft:cooked_porkchop":2,"minecraft:crafting_table":4,"minecraft:wooden_pickaxe":3,"minecraft:iron_sword":1,"minecraft:stone_axe":3,"minecraft:yellow_dye":1,"minecraft:stick":28,"minecraft:iron_ingot":12,"minecraft:iron_pickaxe":1,"minecraft:white_bed":1,"minecraft:torch":8,"minecraft:shears":1},"minecraft:killed_by":{"minecraft:creeper":1},"minecraft:killed":{"minecraft:spider":1,"minecraft:skeleton":4,"minecraft:chicken":1,"minecraft:pig":3,"minecraft:creeper":1,"minecraft:sheep":4,"minecraft:zombie":5,"minecraft:cow":1}},"DataVersion":3465}