{"stats":{"minecraft:killed":{"minecraft:spider":1,"minecraft:vindicator":1,"minecraft:skeleton":5,"minecraft:chicken":2,"minecraft:pig":5,"minecraft:creeper":1,"minecraft:sheep":4,"minecraft:pillager":2,"minecraft:zombie":5,"minecraft:cow":1},"minecraft:dropped":{"minecraft:stone_hoe":4,"minecraft:iron_ingot":6,"minecraft:wheat_seeds":25,"minecraft:diamond":1,"minecraft:cooked_porkchop":1,"minecraft:feather":1,"minecraft:golden_axe":3,"minecraft:cobblestone":15,"minecraft:stick":97,"minecraft:dirt":60,"minecraft:diorite":8,"minecraft:rose_bush":3,"minecraft:melon_slice":18,"minecraft:sunflower":7,"minecraft:iron_axe":85,"minecraft:iron_pickaxe":1,"minecraft:iron_shovel":1,"minecraft:string":1,"minecraft:birch_log":36,"minecraft:white_wool":1,"minecraft:dandelion":1,"minecraft:gravel":16,"minecraft:stone_axe":15,"minecraft:sugar_cane":4,"minecraft:cobbled_deepslate":35,"minecraft:yellow_wool":2,"minecraft:beetroot":5,"minecraft:rotten_flesh":3,"minecraft:grindstone":1,"minecraft:oak_planks":20,"minecraft:carrot":75,"minecraft:azure_bluet":1,"minecraft:white_bed":1,"minecraft:tipped_arrow":2,"minecraft:potato":14,"minecraft:hay_block":6,"minecraft:gunpowder":2,"minecraft:andesite":8,"minecraft:bow":12,"minecraft:birch_boat":1,"minecraft:arrow":3,"minecraft:wooden_pickaxe":2},"minecraft:killed_by":{"minecraft:creeper":1,"minecraft:ravager":2,"minecraft:vindicator":1},"minecraft:crafted":{"minecraft:grindstone":3,"minecraft:oak_planks":2944,"minecraft:stone_shovel":1,"minecraft:birch_boat":2,"minecraft:stone":3,"minecraft:bone_meal":12,"minecraft:cooked_mutton":8,"minecraft:flint_and_steel":1,"minecraft:bow":12,"minecraft:iron_axe":99,"minecraft:stone_pickaxe":2,"minecraft:chest":4,"minecraft:stone_hoe":1,"minecraft:emerald":211,"minecraft:cooked_porkchop":2,"minecraft:crafting_table":5,"minecraft:wooden_pickaxe":3,"minecraft:iron_sword":1,"minecraft:smithing_table":1,"minecraft:fletching_table":2,"minecraft:bucket":1,"minecraft:birch_planks":296,"minecraft:stone_axe":18,"minecraft:diamond_pickaxe":1,"minecraft:yellow_dye":1,"minecraft:stick":6126,"minecraft:stone_slab":6,"minecraft:iron_ingot":16,"minecraft:iron_pickaxe":1,"minecraft:iron_shovel":3,"minecraft:gold_ingot":2,"minecraft:white_bed":6,"minecraft:torch":28,"minecraft:shears":1},"minecraft:broken":{"minecraft:iron_shovel":2,"minecraft:stone_pickaxe":1,"minecraft:iron_axe":4,"minecraft:stone_axe":2,"minecraft:iron_pickaxe":1,"minecraft:stone_shovel":1},"minecraft:mined":{"minecraft:tuff":10,"minecraft:white_bed":15,"minecraft:farmland":1,"minecraft:deepslate_diamond_ore":3,"minecraft:oak_door":1,"minecraft:obsidian":16,"minecraft:granite":6,"minecraft:grass_block":335,"minecraft:composter":2,"minecraft:hay_block":34,"minecraft:furnace":4,"minecraft:carrots":51,"minecraft:iron_ore":13,"minecraft:fire":25,"minecraft:cobbled_deepslate":4,"minecraft:andesite":8,"minecraft:fletching_table":2,"minecraft:azure_bluet":1,"minecraft:potatoes":13,"minecraft:deepslate_iron_ore":6,"minecraft:dirt_path":78,"minecraft:bamboo":28,"minecraft:stone":132,"minecraft:white_wool":9,"minecraft:podzol":1,"minecraft:smithing_table":2,"minecraft:deepslate_redstone_ore":15,"minecraft:oak_slab":18,"minecraft:soul_fire":8,"minecraft:dandelion":3,"minecraft:oak_fence":38,"minecraft:crafting_table":7,"minecraft:torch":3,"minecraft:poppy":1,"minecraft:melon":12,"minecraft:rose_bush":13,"minecraft:lectern":1,"minecraft:cobblestone":41,"minecraft:tall_grass":41,"minecraft:copper_ore":3,"minecraft:oak_planks":12,"minecraft:lapis_ore":2,"minecraft:grindstone":1,"minecraft:sugar_cane":5,"minecraft:diorite":8,"minecraft:wall_torch":7,"minecraft:birch_sapling":1,"minecraft:yellow_wool":11,"minecraft:birch_log":86,"minecraft:wheat":37,"minecraft:birch_leaves":12,"minecraft:tnt":9,"minecraft:grass":368,"minecraft:oak_log":753,"minecraft:coal_ore":12,"minecraft:beetroots":5,"minecraft:gravel":36,"minecraft:sunflower":6,"minecraft:dirt":463,"minecraft:oak_leaves":156,"minecraft:deepslate":339,"minecraft:fern":2},"minecraft:picked_up":{"minecraft:crafting_table":7,"minecraft:wheat":13,"minecraft:azure_bluet":1,"minecraft:chicken":1,"minecraft:yellow_wool":11,"minecraft:smithing_table":2,"minecraft:wooden_pickaxe":1,"minecraft:golden_sword":1,"minecraft:string":3,"minecraft:raw_copper":16,"minecraft:iron_axe":18,"minecraft:flint_and_steel":2,"minecraft:iron_shovel":2,"minecraft:beetroot":5,"minecraft:cobbled_deepslate":364,"minecraft:rose_bush":12,"minecraft:poppy":1,"minecraft:iron_pickaxe":3,"minecraft:lectern":1,"minecraft:melon_slice":59,"minecraft:sugar_cane":8,"minecraft:birch_sapling":5,"minecraft:furnace":6,"minecraft:egg":2,"minecraft:tipped_arrow":2,"minecraft:golden_helmet":1,"minecraft:raw_iron":27,"minecraft:stick":99,"minecraft:oak_door":1,"minecraft:composter":2,"minecraft:oak_fence":38,"minecraft:torch":18,"minecraft:porkchop":5,"minecraft:golden_axe":3,"minecraft:diorite":14,"minecraft:carrot":157,"minecraft:redstone":195,"minecraft:tnt":9,"minecraft:arrow":17,"minecraft:rotten_flesh":8,"minecraft:beetroot_seeds":10,"minecraft:hay_block":48,"minecraft:gold_ingot":2,"minecraft:obsidian":14,"minecraft:mutton":37,"minecraft:white_wool":27,"minecraft:cobblestone":216,"minecraft:birch_log":126,"minecraft:feather":3,"minecraft:cooked_beef":4,"minecraft:andesite":16,"minecraft:golden_leggings":1,"minecraft:potato":27,"minecraft:birch_planks":12,"minecraft:flint":14,"minecraft:tuff":18,"minecraft:oak_log":736,"minecraft:gunpowder":4,"minecraft:lapis_lazuli":48,"minecraft:dirt":872,"minecraft:white_banner":1,"minecraft:cooked_mutton":1,"minecraft:bone":10,"minecraft:apple":4,"minecraft:bow":1,"minecraft:wheat_seeds":141,"minecraft:grindstone":1,"minecraft:raw_gold":4,"minecraft:iron_ingot":5,"minecraft:cooked_chicken":6,"minecraft:fletching_table":2,"minecraft:bamboo":404,"minecraft:oak_planks":109,"minecraft:iron_sword":3,"minecraft:stone_hoe":3,"minecraft:oak_slab":22,"minecraft:cooked_porkchop":5,"minecraft:birch_boat":1,"minecraft:dandelion":4,"minecraft:oak_pressure_plate":1,"minecraft:gravel":58,"minecraft:white_bed":17,"minecraft:diamond":16,"minecraft:stone_axe":1,"minecraft:crossbow":2,"minecraft:granite":12,"minecraft:bone_meal":1,"minecraft:emerald":38,"minecraft:oak_sapling":22,"minecraft:coal":56,"minecraft:sunflower":14},"minecraft:used":{"minecraft:oak_fence":1,"minecraft:netherite_sword":2,"minecraft:rose_bush":9,"minecraft:iron_shovel":841,"minecraft:flint_and_steel":28,"minecraft:stone_shovel":132,"minecraft:chest":4,"minecraft:iron_sword":172,"minecraft:cooked_chicken":2,"minecraft:stone_hoe":47,"minecraft:oak_door":1,"minecraft:torch":44,"minecraft:dirt":555,"minecraft:carrot":80,"minecraft:tuff":2,"minecraft:obsidian":14,"minecraft:iron_axe":1237,"minecraft:birch_sapling":5,"minecraft:golden_sword":6,"minecraft:bow":4,"minecraft:hay_block":15,"minecraft:furnace":4,"minecraft:oak_sapling":19,"minecraft:beetroot_seeds":1,"minecraft:egg":2,"minecraft:cooked_beef":4,"minecraft:potato":13,"minecraft:cobbled_deepslate":198,"minecraft:wheat_seeds":39,"minecraft:cooked_mutton":8,"minecraft:water_bucket":19,"minecraft:birch_planks":44,"minecraft:stone_pickaxe":140,"minecraft:oak_planks":2,"minecraft:wooden_pickaxe":36,"minecraft:birch_boat":1,"minecraft:composter":2,"minecraft:fletching_table":4,"minecraft:crafting_table":12,"minecraft:tnt":35,"minecraft:crossbow":2,"minecraft:white_bed":20,"minecraft:creeper_spawn_egg":6,"minecraft:redstone_torch":1,"minecraft:diamond_pickaxe":257,"minecraft:apple":3,"minecraft:bread":9,"minecraft:chicken":1,"minecraft:melon_slice":53,"minecraft:iron_pickaxe":266,"minecraft:gravel":11,"minecraft:yellow_wool":3,"minecraft:stone_axe":229,"minecraft:cobblestone":129,"minecraft:grindstone":3,"minecraft:porkchop":3,"minecraft:cooked_porkchop":6,"minecraft:smithing_table":3,"minecraft:bucket":20,"minecraft:birch_log":12,"minecraft:bone_meal":13},"minecraft:custom":{"minecraft:interact_with_smithing_table":2,"minecraft:mob_kills":34,"minecraft:interact_with_crafting_table":68,"minecraft:open_barrel":2,"minecraft:bell_ring":6,"minecraft:leave_game":11,"minecraft:time_since_death":33847,"minecraft:climb_one_cm":7010,"minecraft:sprint_one_cm":1124815,"minecraft:walk_one_cm":1519264,"minecraft:drop":293,"minecraft:talked_to_villager":166,"minecraft:raid_win":1,"minecraft:play_time":428827,"minecraft:deaths":8,"minecraft:sneak_time":15703,"minecraft:walk_under_water_one_cm":10013,"minecraft:boat_one_cm":3780,"minecraft:jump":4846,"minecraft:walk_on_water_one_cm":26619,"minecraft:total_world_time":428827,"minecraft:interact_with_furnace":37,"minecraft:traded_with_villager":336,"minecraft:interact_with_grindstone":1,"minecraft:sleep_in_bed":24,"minecraft:time_since_rest":9062,"minecraft:damage_taken":4038,"minecraft:damage_dealt":5741,"minecraft:swim_one_cm":18448,"minecraft:fly_one_cm":472064,"minecraft:open_chest":117,"minecraft:crouch_one_cm":29172,"minecraft:fall_one_cm":100789}},"DataVersion":3465}