{"stats":{"minecraft:killed":{"minecraft:spider":2,"minecraft:skeleton":7,"minecraft:chicken":2,"minecraft:pig":9,"minecraft:creeper":1,"minecraft:sheep":5,"minecraft:pillager":2,"minecraft:zombie":13,"minecraft:stray":9,"minecraft:cow":1,"minecraft:vindicator":1,"minecraft:husk":1},"minecraft:dropped":{"minecraft:diamond":1,"minecraft:cooked_porkchop":1,"minecraft:dirt":60,"minecraft:sunflower":7,"minecraft:iron_pickaxe":1,"minecraft:birch_log":36,"minecraft:white_wool":1,"minecraft:gravel":16,"minecraft:stone_axe":15,"minecraft:sugar_cane":4,"minecraft:cobbled_deepslate":35,"minecraft:yellow_wool":2,"minecraft:beetroot":5,"minecraft:rotten_flesh":3,"minecraft:grindstone":1,"minecraft:oak_planks":20,"minecraft:azure_bluet":1,"minecraft:white_bed":1,"minecraft:carrot":75,"minecraft:tipped_arrow":2,"minecraft:gunpowder":2,"immersive_melodies:didgeridoo":1,"minecraft:arrow":3,"minecraft:stone_hoe":4,"minecraft:iron_ingot":6,"minecraft:bread":3,"minecraft:wheat_seeds":25,"minecraft:golden_axe":3,"minecraft:feather":1,"minecraft:cobblestone":15,"minecraft:stick":97,"minecraft:diorite":8,"minecraft:melon_slice":18,"minecraft:rose_bush":3,"minecraft:iron_axe":85,"minecraft:iron_shovel":1,"minecraft:string":1,"minecraft:dandelion":1,"minecraft:potato":14,"minecraft:hay_block":6,"minecraft:andesite":8,"minecraft:oak_boat":2,"minecraft:birch_boat":1,"minecraft:bow":12,"minecraft:wooden_pickaxe":2},"minecraft:killed_by":{"minecraft:creeper":1,"minecraft:ravager":2,"minecraft:vindicator":1,"minecraft:blaze":1,"minecraft:husk":2,"minecraft:player":1,"minecraft:stray":1,"minecraft:skeleton":1},"minecraft:crafted":{"minecraft:grindstone":3,"minecraft:oak_planks":3084,"minecraft:birch_boat":2,"minecraft:stone":3,"minecraft:cooked_mutton":8,"minecraft:bow":12,"minecraft:chest":4,"minecraft:stone_hoe":1,"minecraft:emerald":211,"minecraft:cooked_porkchop":2,"minecraft:crafting_table":10,"minecraft:spruce_planks":80,"minecraft:wooden_pickaxe":5,"minecraft:smithing_table":1,"minecraft:fletching_table":2,"minecraft:birch_planks":296,"minecraft:diamond_pickaxe":1,"minecraft:yellow_dye":1,"minecraft:stick":6130,"minecraft:stone_slab":6,"minecraft:iron_ingot":16,"minecraft:iron_pickaxe":2,"minecraft:gold_ingot":2,"minecraft:shears":1,"minecraft:stone_shovel":1,"minecraft:bone_meal":12,"minecraft:flint_and_steel":1,"minecraft:iron_axe":100,"minecraft:stone_pickaxe":2,"minecraft:dark_oak_planks":40,"minecraft:iron_sword":1,"minecraft:bucket":1,"minecraft:stone_axe":18,"minecraft:oak_boat":2,"minecraft:iron_shovel":3,"minecraft:white_bed":7,"minecraft:torch":28},"minecraft:broken":{"minecraft:iron_shovel":2,"minecraft:stone_pickaxe":1,"minecraft:golden_sword":1,"minecraft:stone_axe":2,"minecraft:stone_shovel":1,"minecraft:wooden_pickaxe":1,"minecraft:iron_axe":4,"minecraft:iron_pickaxe":1},"minecraft:mined":{"minecraft:spruce_planks":2,"minecraft:white_bed":15,"minecraft:farmland":1,"minecraft:obsidian":16,"minecraft:granite":6,"minecraft:grass_block":357,"minecraft:composter":2,"minecraft:spawner":2,"minecraft:cobbled_deepslate":4,"minecraft:fire":25,"minecraft:iron_ore":13,"minecraft:fletching_table":2,"minecraft:azure_bluet":1,"minecraft:dark_oak_stairs":1,"minecraft:dirt_path":78,"minecraft:stripped_mangrove_wood":1,"minecraft:deepslate_redstone_ore":15,"minecraft:soul_fire":8,"minecraft:powder_snow":1,"minecraft:torch":3,"minecraft:calcite":1,"minecraft:poppy":1,"minecraft:melon":12,"minecraft:cobblestone":41,"minecraft:sugar_cane":5,"minecraft:grindstone":1,"minecraft:oak_planks":12,"minecraft:wall_torch":7,"minecraft:birch_sapling":1,"minecraft:seagrass":1,"minecraft:warped_nylium":1,"minecraft:birch_log":86,"minecraft:yellow_wool":11,"minecraft:wheat":37,"minecraft:tnt":9,"minecraft:grass":376,"minecraft:oak_log":788,"minecraft:beetroots":5,"minecraft:sand":1,"minecraft:dirt":480,"minecraft:netherrack":29,"minecraft:oak_leaves":164,"minecraft:deepslate":339,"minecraft:tuff":10,"minecraft:dark_oak_leaves":11,"minecraft:deepslate_diamond_ore":3,"minecraft:oak_door":1,"minecraft:dark_oak_log":10,"minecraft:gray_stained_glass_pane":1,"minecraft:dark_oak_fence":1,"minecraft:ladder":1,"minecraft:spruce_fence":2,"minecraft:spruce_leaves":5,"minecraft:large_fern":3,"minecraft:hay_block":34,"minecraft:furnace":4,"minecraft:carrots":63,"minecraft:andesite":8,"minecraft:potatoes":13,"minecraft:deepslate_iron_ore":10,"minecraft:bamboo":28,"minecraft:stone":134,"minecraft:white_wool":9,"minecraft:smithing_table":2,"minecraft:podzol":1,"minecraft:oak_slab":18,"minecraft:glass_pane":2,"minecraft:dandelion":3,"minecraft:oak_fence":38,"minecraft:crafting_table":7,"minecraft:rose_bush":13,"minecraft:lectern":1,"minecraft:copper_ore":3,"minecraft:tall_grass":45,"minecraft:deepslate_coal_ore":3,"minecraft:lapis_ore":2,"minecraft:diorite":8,"minecraft:purple_bed":3,"minecraft:ice":1,"minecraft:spruce_log":20,"minecraft:birch_leaves":13,"minecraft:coal_ore":12,"minecraft:sunflower":6,"minecraft:gravel":36,"minecraft:gray_carpet":1,"minecraft:fern":12},"minecraft:used":{"minecraft:iron_shovel":841,"minecraft:ladder":1,"minecraft:chest":4,"minecraft:iron_sword":172,"minecraft:rotten_flesh":1,"minecraft:mutton":1,"minecraft:carrot":106,"minecraft:tuff":2,"minecraft:snowball":3,"minecraft:obsidian":14,"minecraft:birch_sapling":5,"minecraft:golden_sword":28,"minecraft:bow":43,"minecraft:hay_block":15,"minecraft:oak_sapling":19,"minecraft:furnace":4,"minecraft:beetroot_seeds":1,"minecraft:egg":2,"minecraft:potato":13,"minecraft:stone_pickaxe":140,"minecraft:oak_planks":2,"minecraft:wooden_pickaxe":108,"minecraft:composter":2,"minecraft:crossbow":2,"minecraft:creeper_spawn_egg":6,"minecraft:redstone_torch":1,"minecraft:melon_slice":53,"minecraft:bread":9,"minecraft:gravel":11,"minecraft:grindstone":3,"minecraft:smithing_table":3,"minecraft:cooked_rabbit":16,"minecraft:birch_log":12,"minecraft:ice":12,"minecraft:oak_boat":1,"minecraft:bone_meal":13,"minecraft:oak_fence":1,"minecraft:netherite_sword":2,"minecraft:rose_bush":9,"minecraft:flint_and_steel":28,"minecraft:stone_shovel":132,"minecraft:spruce_planks":76,"minecraft:stone_hoe":47,"minecraft:cooked_chicken":6,"minecraft:netherrack":19,"minecraft:oak_door":1,"minecraft:torch":44,"minecraft:dirt":601,"minecraft:dark_oak_planks":26,"minecraft:iron_axe":1562,"minecraft:cooked_beef":4,"minecraft:cobbled_deepslate":198,"minecraft:wheat_seeds":39,"minecraft:cooked_mutton":8,"minecraft:water_bucket":19,"minecraft:birch_planks":44,"minecraft:birch_boat":2,"minecraft:fletching_table":4,"minecraft:tnt":35,"minecraft:crafting_table":17,"minecraft:white_bed":21,"minecraft:diamond_pickaxe":311,"minecraft:apple":3,"minecraft:chicken":1,"minecraft:iron_pickaxe":274,"minecraft:yellow_wool":3,"minecraft:stone_axe":229,"minecraft:cobblestone":129,"minecraft:purple_bed":3,"minecraft:cooked_porkchop":6,"minecraft:porkchop":10,"minecraft:bucket":20},"minecraft:picked_up":{"minecraft:wheat":13,"minecraft:yellow_wool":11,"minecraft:smithing_table":2,"minecraft:golden_sword":1,"minecraft:string":6,"minecraft:raw_copper":16,"minecraft:beetroot":5,"minecraft:gold_nugget":10,"minecraft:cobbled_deepslate":364,"bosses_of_mass_destruction:soul_star":1,"minecraft:spruce_planks":7,"minecraft:rose_bush":12,"minecraft:calcite":1,"minecraft:iron_pickaxe":3,"minecraft:melon_slice":59,"minecraft:furnace":6,"minecraft:golden_helmet":1,"minecraft:tipped_arrow":16,"minecraft:stick":117,"minecraft:composter":2,"minecraft:oak_fence":38,"minecraft:torch":18,"minecraft:porkchop":14,"minecraft:golden_axe":3,"minecraft:diorite":14,"minecraft:rotten_flesh":28,"minecraft:obsidian":14,"minecraft:snowball":6,"minecraft:cobblestone":222,"minecraft:birch_log":126,"minecraft:cooked_beef":4,"minecraft:feather":3,"minecraft:andesite":16,"minecraft:golden_leggings":1,"minecraft:potato":27,"minecraft:flint":14,"minecraft:tuff":18,"minecraft:lapis_lazuli":48,"minecraft:dirt":921,"minecraft:bone":28,"minecraft:bow":2,"minecraft:wheat_seeds":152,"minecraft:raw_gold":4,"minecraft:grindstone":1,"minecraft:fletching_table":2,"minecraft:bamboo":404,"minecraft:stone_hoe":3,"minecraft:oak_planks":109,"minecraft:cooked_porkchop":5,"minecraft:oak_pressure_plate":1,"minecraft:dark_oak_log":10,"minecraft:diamond":16,"minecraft:crossbow":2,"minecraft:granite":12,"minecraft:bone_meal":1,"minecraft:bread":1,"minecraft:emerald":56,"minecraft:oak_sapling":22,"minecraft:dark_oak_fence":1,"minecraft:netherrack":29,"minecraft:crafting_table":7,"minecraft:azure_bluet":1,"minecraft:chicken":1,"minecraft:ladder":1,"minecraft:wooden_pickaxe":2,"minecraft:cooked_rabbit":11,"minecraft:iron_axe":19,"minecraft:flint_and_steel":2,"minecraft:item_frame":2,"minecraft:iron_shovel":2,"minecraft:oak_boat":1,"minecraft:poppy":1,"minecraft:lectern":1,"minecraft:sugar_cane":8,"minecraft:birch_sapling":5,"minecraft:egg":2,"minecraft:dark_oak_sapling":4,"minecraft:raw_iron":35,"minecraft:stripped_mangrove_wood":1,"minecraft:oak_door":1,"minecraft:spruce_fence":2,"minecraft:carrot":230,"minecraft:redstone":195,"minecraft:dark_oak_planks":19,"minecraft:tnt":9,"minecraft:arrow":66,"minecraft:beetroot_seeds":10,"minecraft:hay_block":48,"minecraft:gold_ingot":6,"minecraft:mutton":38,"minecraft:white_wool":28,"minecraft:birch_planks":12,"minecraft:ice":12,"minecraft:oak_log":771,"minecraft:gunpowder":4,"minecraft:white_banner":1,"minecraft:cooked_mutton":1,"minecraft:apple":12,"minecraft:gray_carpet":1,"minecraft:iron_ingot":10,"minecraft:cooked_chicken":6,"minecraft:iron_sword":3,"minecraft:dark_oak_stairs":1,"minecraft:oak_slab":22,"minecraft:birch_boat":2,"minecraft:dandelion":4,"minecraft:gravel":58,"minecraft:white_bed":17,"minecraft:spruce_log":23,"minecraft:spider_eye":1,"minecraft:purple_bed":3,"minecraft:stone_axe":1,"immersive_melodies:didgeridoo":1,"minecraft:coal":62,"minecraft:sunflower":14},"minecraft:custom":{"minecraft:interact_with_crafting_table":76,"minecraft:open_barrel":9,"minecraft:bell_ring":6,"minecraft:leave_game":11,"minecraft:time_since_death":1053,"minecraft:damage_resisted":12,"minecraft:sprint_one_cm":1349973,"minecraft:drop":299,"minecraft:talked_to_villager":170,"minecraft:play_time":506827,"minecraft:deaths":15,"minecraft:jump":6478,"minecraft:walk_on_water_one_cm":50014,"minecraft:interact_with_furnace":37,"minecraft:traded_with_villager":336,"minecraft:sleep_in_bed":27,"minecraft:damage_dealt":8620,"minecraft:crouch_one_cm":34614,"minecraft:interact_with_smithing_table":2,"minecraft:mob_kills":61,"minecraft:climb_one_cm":11278,"minecraft:walk_one_cm":1826089,"minecraft:raid_win":1,"minecraft:sneak_time":18604,"minecraft:walk_under_water_one_cm":19668,"minecraft:boat_one_cm":79249,"minecraft:total_world_time":506827,"minecraft:interact_with_grindstone":1,"minecraft:time_since_rest":1077,"minecraft:damage_taken":7494,"minecraft:swim_one_cm":20240,"minecraft:fly_one_cm":622902,"minecraft:open_chest":149,"minecraft:fall_one_cm":136765}},"DataVersion":3465}