{"stats":{"minecraft:picked_up":{"minecraft:black_carpet":1,"minecraft:iron_chestplate":1,"minecraft:wheat":13,"minecraft:yellow_wool":11,"minecraft:smithing_table":2,"minecraft:potion":1,"minecraft:golden_sword":1,"minecraft:string":6,"minecraft:raw_copper":37,"minecraft:red_nether_bricks":5,"minecraft:iron_leggings":3,"minecraft:beetroot":23,"minecraft:gold_nugget":10,"minecraft:cobbled_deepslate":565,"bosses_of_mass_destruction:soul_star":1,"minecraft:spruce_planks":10,"minecraft:rose_bush":12,"minecraft:calcite":1,"minecraft:iron_pickaxe":4,"minecraft:melon_slice":59,"minecraft:iron_boots":2,"minecraft:furnace":11,"minecraft:golden_helmet":3,"minecraft:tipped_arrow":16,"minecraft:stick":177,"minecraft:composter":2,"minecraft:oak_fence":38,"minecraft:torch":26,"minecraft:porkchop":14,"minecraft:golden_axe":3,"minecraft:diorite":51,"minecraft:stone_sword":2,"minecraft:rotten_flesh":32,"minecraft:obsidian":16,"minecraft:snowball":6,"minecraft:cobblestone":1121,"minecraft:birch_log":204,"minecraft:feather":3,"minecraft:cooked_beef":4,"minecraft:water_bucket":1,"minecraft:andesite":102,"minecraft:jungle_log":266,"minecraft:golden_leggings":1,"minecraft:potato":27,"minecraft:flint":15,"minecraft:tuff":18,"minecraft:lapis_lazuli":119,"minecraft:mangrove_slab":2,"minecraft:dirt":983,"minecraft:twisting_vines":3,"minecraft:bone":34,"minecraft:bow":3,"minecraft:wheat_seeds":154,"minecraft:raw_gold":4,"minecraft:grindstone":1,"minecraft:fletching_table":2,"minecraft:bamboo":404,"minecraft:stone_hoe":3,"minecraft:oak_planks":110,"minecraft:cooked_porkchop":5,"minecraft:warped_wart_block":9,"minecraft:oak_pressure_plate":1,"minecraft:dark_oak_log":10,"minecraft:diamond":57,"minecraft:crossbow":6,"minecraft:granite":51,"minecraft:bone_meal":1,"minecraft:bread":15,"minecraft:emerald":137,"minecraft:oak_sapling":39,"minecraft:netherrack":50,"minecraft:dark_oak_fence":3,"minecraft:diamond_pickaxe":1,"minecraft:cocoa_beans":1,"minecraft:crafting_table":16,"minecraft:ladder":1,"minecraft:azure_bluet":1,"minecraft:chicken":1,"minecraft:nether_wart":6,"minecraft:wooden_pickaxe":9,"minecraft:cooked_rabbit":11,"minecraft:iron_axe":26,"minecraft:flint_and_steel":2,"minecraft:item_frame":5,"minecraft:iron_shovel":2,"minecraft:oak_boat":1,"minecraft:jungle_sapling":3,"minecraft:poppy":1,"minecraft:lectern":3,"minecraft:sugar_cane":8,"minecraft:birch_sapling":5,"minecraft:egg":3,"minecraft:dark_oak_sapling":4,"minecraft:raw_iron":128,"minecraft:stripped_mangrove_wood":1,"minecraft:oak_door":1,"minecraft:spruce_fence":2,"minecraft:carrot":376,"minecraft:redstone":208,"minecraft:dark_oak_planks":29,"minecraft:tnt":9,"minecraft:arrow":126,"minecraft:beetroot_seeds":10,"minecraft:hay_block":48,"minecraft:saddle":3,"minecraft:gold_ingot":54,"minecraft:mutton":41,"minecraft:white_wool":32,"minecraft:oxeye_daisy":1,"minecraft:basalt":2,"minecraft:birch_planks":12,"minecraft:ice":12,"minecraft:oak_log":1171,"minecraft:gunpowder":4,"minecraft:white_banner":1,"minecraft:cooked_mutton":2,"minecraft:apple":30,"minecraft:gray_carpet":4,"minecraft:iron_ingot":34,"minecraft:stone_pickaxe":2,"minecraft:cooked_chicken":6,"minecraft:iron_sword":6,"minecraft:soul_sand":2,"minecraft:dark_oak_stairs":1,"minecraft:oak_slab":22,"minecraft:warped_fungus":1,"minecraft:birch_boat":2,"minecraft:dandelion":5,"minecraft:gravel":82,"minecraft:soul_torch":1,"minecraft:white_bed":17,"minecraft:spruce_log":23,"minecraft:nether_brick_slab":6,"minecraft:spider_eye":1,"morebows:stone_bow":1,"minecraft:purple_bed":7,"minecraft:stone_axe":1,"minecraft:iron_helmet":2,"immersive_melodies:didgeridoo":1,"minecraft:warped_roots":3,"minecraft:coal":188,"minecraft:sunflower":14},"minecraft:killed_by":{"minecraft:creeper":1,"minecraft:ravager":2,"minecraft:vindicator":3,"minecraft:blaze":5,"minecraft:zombie":3,"minecraft:husk":10,"minecraft:player":2,"minecraft:stray":1,"minecraft:iron_golem":1,"adventurez:blaze_guardian":1,"minecraft:skeleton":1},"minecraft:mined":{"minecraft:spruce_planks":2,"minecraft:white_bed":15,"minecraft:farmland":1,"minecraft:jungle_leaves":95,"minecraft:red_nether_bricks":4,"minecraft:obsidian":16,"minecraft:granite":27,"minecraft:grass_block":372,"minecraft:jungle_log":277,"minecraft:composter":2,"minecraft:nether_wart":2,"minecraft:spawner":3,"minecraft:cobbled_deepslate":4,"minecraft:fire":38,"minecraft:iron_ore":67,"minecraft:black_carpet":1,"minecraft:deepslate_lapis_ore":11,"minecraft:fletching_table":2,"minecraft:azure_bluet":1,"minecraft:dark_oak_stairs":1,"minecraft:dirt_path":78,"minecraft:stripped_mangrove_wood":1,"minecraft:deepslate_redstone_ore":18,"minecraft:soul_wall_torch":1,"minecraft:soul_fire":8,"minecraft:powder_snow":1,"minecraft:torch":4,"minecraft:calcite":1,"minecraft:poppy":1,"minecraft:melon":12,"minecraft:nether_brick_slab":2,"minecraft:cobblestone":44,"minecraft:oak_planks":12,"minecraft:grindstone":1,"minecraft:sugar_cane":5,"minecraft:wall_torch":8,"minecraft:birch_sapling":1,"minecraft:seagrass":1,"minecraft:warped_nylium":1,"minecraft:birch_log":129,"minecraft:yellow_wool":11,"minecraft:wheat":37,"minecraft:warped_fungus":1,"minecraft:tnt":9,"minecraft:grass":387,"minecraft:oak_log":1058,"minecraft:beetroots":5,"minecraft:sand":1,"minecraft:dirt":502,"minecraft:netherrack":29,"minecraft:oak_leaves":228,"minecraft:deepslate":586,"minecraft:diamond_ore":2,"minecraft:tuff":17,"minecraft:light_gray_stained_glass_pane":5,"minecraft:dark_oak_leaves":17,"minecraft:deepslate_diamond_ore":42,"minecraft:oak_door":1,"minecraft:dark_oak_log":10,"minecraft:gray_stained_glass_pane":1,"minecraft:ladder":1,"minecraft:dark_oak_fence":3,"minecraft:spruce_fence":2,"minecraft:spruce_leaves":10,"minecraft:large_fern":3,"minecraft:hay_block":34,"minecraft:furnace":7,"minecraft:carrots":105,"minecraft:andesite":63,"minecraft:potatoes":13,"minecraft:deepslate_iron_ore":17,"minecraft:vine":41,"minecraft:bamboo":28,"minecraft:stone":552,"minecraft:white_wool":10,"minecraft:podzol":1,"minecraft:smithing_table":2,"minecraft:oak_slab":18,"minecraft:glass_pane":2,"minecraft:soul_sand":2,"minecraft:dandelion":3,"minecraft:oak_fence":38,"minecraft:crafting_table":15,"minecraft:rose_bush":13,"minecraft:lectern":2,"minecraft:tall_grass":45,"minecraft:copper_ore":7,"minecraft:deepslate_coal_ore":3,"minecraft:lapis_ore":2,"minecraft:diorite":35,"minecraft:warped_wart_block":2,"minecraft:purple_bed":7,"minecraft:ice":1,"minecraft:spruce_log":20,"minecraft:birch_leaves":14,"minecraft:mangrove_slab":1,"minecraft:coal_ore":17,"minecraft:sunflower":6,"minecraft:gravel":45,"minecraft:gray_carpet":1,"minecraft:fern":15},"minecraft:used":{"minecraft:iron_shovel":841,"minecraft:ladder":1,"minecraft:chest":4,"minecraft:iron_sword":200,"minecraft:rotten_flesh":1,"minecraft:mutton":4,"minecraft:soul_sand":2,"minecraft:jungle_planks":10,"minecraft:carrot":157,"minecraft:tuff":2,"minecraft:snowball":3,"minecraft:obsidian":14,"minecraft:jungle_sapling":3,"minecraft:birch_sapling":5,"minecraft:iron_helmet":1,"minecraft:golden_sword":28,"minecraft:bow":43,"minecraft:hay_block":15,"minecraft:furnace":7,"minecraft:oak_sapling":21,"minecraft:beetroot_seeds":1,"minecraft:egg":2,"minecraft:potato":13,"minecraft:diorite":3,"minecraft:stone_pickaxe":1048,"minecraft:oak_planks":2,"minecraft:wooden_pickaxe":227,"minecraft:composter":2,"minecraft:white_wool":1,"minecraft:crossbow":11,"minecraft:creeper_spawn_egg":6,"minecraft:redstone_torch":1,"minecraft:bread":10,"minecraft:melon_slice":53,"minecraft:gravel":13,"minecraft:golden_helmet":1,"minecraft:grindstone":3,"minecraft:smithing_table":3,"minecraft:andesite":1,"minecraft:cooked_rabbit":16,"minecraft:birch_log":15,"minecraft:ice":12,"minecraft:oak_boat":1,"minecraft:bone_meal":13,"minecraft:oak_fence":1,"minecraft:netherite_sword":2,"minecraft:rose_bush":9,"minecraft:flint_and_steel":28,"minecraft:stone_shovel":132,"minecraft:spruce_planks":76,"minecraft:cooked_chicken":6,"minecraft:stone_hoe":47,"minecraft:netherrack":20,"minecraft:oak_door":1,"minecraft:torch":48,"minecraft:dirt":612,"minecraft:salmon_bucket":1,"minecraft:granite":3,"minecraft:dark_oak_planks":26,"minecraft:iron_axe":3106,"minecraft:iron_boots":1,"minecraft:cooked_beef":4,"minecraft:cobbled_deepslate":200,"minecraft:iron_leggings":2,"minecraft:wheat_seeds":39,"minecraft:cooked_mutton":8,"minecraft:water_bucket":21,"minecraft:birch_planks":44,"minecraft:red_nether_bricks":2,"minecraft:birch_boat":2,"minecraft:fletching_table":4,"minecraft:tnt":35,"minecraft:crafting_table":25,"minecraft:white_bed":21,"minecraft:diamond_pickaxe":677,"minecraft:apple":7,"minecraft:chicken":1,"minecraft:iron_pickaxe":771,"minecraft:yellow_wool":3,"minecraft:stone_axe":239,"minecraft:cobblestone":245,"minecraft:potion":1,"minecraft:purple_bed":6,"minecraft:porkchop":10,"minecraft:cooked_porkchop":6,"minecraft:bucket":23,"minecraft:soul_torch":1},"minecraft:dropped":{"minecraft:iron_sword":1,"minecraft:diamond":1,"minecraft:cooked_porkchop":1,"minecraft:emerald":14,"minecraft:dirt":60,"minecraft:sunflower":7,"minecraft:iron_pickaxe":1,"minecraft:birch_log":36,"minecraft:white_wool":1,"minecraft:gravel":16,"minecraft:stone_axe":37,"minecraft:sugar_cane":4,"minecraft:cobbled_deepslate":106,"minecraft:yellow_wool":2,"minecraft:beetroot":5,"minecraft:rotten_flesh":3,"minecraft:grindstone":1,"minecraft:oak_planks":20,"minecraft:azure_bluet":1,"minecraft:white_bed":1,"minecraft:carrot":96,"minecraft:tipped_arrow":2,"minecraft:gunpowder":2,"immersive_melodies:didgeridoo":1,"minecraft:arrow":3,"minecraft:stone_hoe":4,"minecraft:iron_ingot":6,"minecraft:bread":3,"minecraft:wheat_seeds":25,"minecraft:feather":1,"minecraft:golden_axe":3,"minecraft:cobblestone":141,"minecraft:stick":98,"minecraft:diorite":8,"minecraft:rose_bush":3,"minecraft:melon_slice":18,"minecraft:iron_axe":124,"minecraft:iron_shovel":1,"minecraft:string":1,"minecraft:dandelion":1,"minecraft:potato":14,"minecraft:hay_block":6,"minecraft:andesite":8,"minecraft:oak_boat":2,"minecraft:birch_boat":1,"minecraft:bow":12,"minecraft:wooden_pickaxe":2},"minecraft:killed":{"minecraft:spider":2,"minecraft:skeleton":7,"minecraft:chicken":2,"minecraft:pig":9,"minecraft:creeper":1,"minecraft:sheep":7,"minecraft:pillager":3,"minecraft:zombie":16,"minecraft:stray":9,"minecraft:cow":1,"minecraft:vindicator":1,"minecraft:husk":1},"minecraft:custom":{"minecraft:interact_with_crafting_table":104,"minecraft:open_barrel":14,"minecraft:bell_ring":6,"minecraft:leave_game":16,"minecraft:time_since_death":14236,"minecraft:damage_resisted":40,"minecraft:sprint_one_cm":1771079,"minecraft:drop":401,"minecraft:play_noteblock":2,"minecraft:talked_to_villager":196,"minecraft:play_time":658461,"minecraft:deaths":38,"minecraft:jump":8350,"minecraft:walk_on_water_one_cm":60428,"minecraft:interact_with_furnace":51,"minecraft:traded_with_villager":571,"minecraft:sleep_in_bed":34,"minecraft:damage_dealt":10530,"minecraft:player_kills":2,"minecraft:crouch_one_cm":44136,"minecraft:interact_with_smithing_table":2,"minecraft:mob_kills":67,"minecraft:climb_one_cm":27091,"minecraft:walk_one_cm":2236378,"minecraft:raid_win":1,"minecraft:sneak_time":22603,"minecraft:walk_under_water_one_cm":24483,"minecraft:boat_one_cm":79249,"minecraft:interact_with_lectern":2,"minecraft:interact_with_blast_furnace":3,"minecraft:total_world_time":658461,"minecraft:tune_noteblock":33,"minecraft:interact_with_grindstone":1,"minecraft:time_since_rest":14265,"minecraft:damage_taken":14179,"minecraft:swim_one_cm":39087,"minecraft:fly_one_cm":846901,"minecraft:open_chest":219,"minecraft:fall_one_cm":187299},"minecraft:broken":{"minecraft:iron_shovel":2,"minecraft:stone_pickaxe":7,"minecraft:golden_sword":1,"minecraft:stone_axe":2,"minecraft:stone_shovel":1,"minecraft:wooden_pickaxe":3,"minecraft:iron_axe":9,"minecraft:iron_pickaxe":3},"minecraft:crafted":{"minecraft:grindstone":3,"minecraft:oak_planks":4140,"minecraft:birch_boat":2,"minecraft:stone":3,"minecraft:cooked_mutton":8,"minecraft:bow":12,"minecraft:iron_boots":1,"minecraft:chest":4,"minecraft:stone_hoe":1,"minecraft:emerald":354,"minecraft:cooked_porkchop":2,"minecraft:crafting_table":12,"minecraft:spruce_planks":80,"minecraft:iron_helmet":1,"minecraft:wooden_pickaxe":6,"minecraft:smithing_table":1,"minecraft:fletching_table":2,"minecraft:birch_planks":476,"minecraft:iron_chestplate":1,"minecraft:diamond_pickaxe":2,"minecraft:yellow_dye":1,"minecraft:stick":10654,"minecraft:stone_slab":6,"minecraft:iron_pickaxe":4,"minecraft:iron_ingot":27,"minecraft:gold_ingot":2,"minecraft:shears":1,"minecraft:stone_shovel":1,"minecraft:furnace":1,"minecraft:bone_meal":12,"minecraft:flint_and_steel":1,"minecraft:iron_axe":155,"minecraft:stone_pickaxe":10,"minecraft:dark_oak_planks":40,"minecraft:iron_sword":3,"minecraft:bell":1,"minecraft:bucket":1,"minecraft:stone_axe":52,"minecraft:jungle_planks":1064,"minecraft:air":0,"minecraft:oak_boat":2,"minecraft:iron_shovel":3,"minecraft:iron_leggings":1,"minecraft:white_bed":7,"minecraft:torch":32}},"DataVersion":3465}