{"stats":{"minecraft:mined":{"minecraft:white_bed":13,"minecraft:deepslate_diamond_ore":3,"minecraft:grass_block":211,"minecraft:hay_block":17,"minecraft:carrots":15,"minecraft:furnace":4,"minecraft:cobbled_deepslate":4,"minecraft:iron_ore":7,"minecraft:fire":7,"minecraft:andesite":8,"minecraft:azure_bluet":1,"minecraft:potatoes":7,"minecraft:dirt_path":34,"minecraft:deepslate_iron_ore":6,"minecraft:bamboo":28,"minecraft:stone":58,"minecraft:white_wool":6,"minecraft:podzol":1,"minecraft:deepslate_redstone_ore":15,"minecraft:oak_slab":12,"minecraft:dandelion":2,"minecraft:oak_fence":25,"minecraft:crafting_table":7,"minecraft:melon":12,"minecraft:lectern":1,"minecraft:tall_grass":21,"minecraft:cobblestone":29,"minecraft:lapis_ore":2,"minecraft:sugar_cane":5,"minecraft:oak_planks":8,"minecraft:diorite":8,"minecraft:wall_torch":5,"minecraft:yellow_wool":6,"minecraft:wheat":29,"minecraft:birch_leaves":1,"minecraft:tnt":9,"minecraft:grass":211,"minecraft:oak_log":25,"minecraft:coal_ore":12,"minecraft:beetroots":5,"minecraft:sunflower":6,"minecraft:gravel":7,"minecraft:dirt":254,"minecraft:oak_leaves":17,"minecraft:deepslate":129,"minecraft:fern":2},"minecraft:used":{"minecraft:netherite_sword":2,"minecraft:iron_shovel":288,"minecraft:flint_and_steel":5,"minecraft:stone_shovel":132,"minecraft:chest":2,"minecraft:iron_sword":125,"minecraft:torch":17,"minecraft:dirt":389,"minecraft:carrot":19,"minecraft:iron_axe":59,"minecraft:bow":4,"minecraft:oak_sapling":2,"minecraft:furnace":4,"minecraft:potato":11,"minecraft:cooked_beef":4,"minecraft:cobbled_deepslate":114,"minecraft:wheat_seeds":39,"minecraft:cooked_mutton":5,"minecraft:stone_pickaxe":140,"minecraft:oak_planks":2,"minecraft:wooden_pickaxe":36,"minecraft:crafting_table":11,"minecraft:tnt":35,"minecraft:white_bed":18,"minecraft:creeper_spawn_egg":6,"minecraft:redstone_torch":1,"minecraft:melon_slice":41,"minecraft:chicken":1,"minecraft:bread":9,"minecraft:iron_pickaxe":162,"minecraft:gravel":3,"minecraft:stone_axe":229,"minecraft:cobblestone":64,"minecraft:porkchop":3,"minecraft:cooked_porkchop":2,"minecraft:bone_meal":1},"minecraft:dropped":{"minecraft:iron_ingot":6,"minecraft:wheat_seeds":17,"minecraft:diamond":1,"minecraft:feather":1,"minecraft:cobblestone":5,"minecraft:stick":1,"minecraft:dirt":9,"minecraft:diorite":8,"minecraft:melon_slice":17,"minecraft:sunflower":7,"minecraft:string":1,"minecraft:white_wool":1,"minecraft:dandelion":1,"minecraft:gravel":10,"minecraft:sugar_cane":4,"minecraft:cobbled_deepslate":35,"minecraft:beetroot":3,"minecraft:rotten_flesh":3,"minecraft:oak_planks":20,"minecraft:azure_bluet":1,"minecraft:white_bed":1,"minecraft:carrot":20,"minecraft:potato":6,"minecraft:gunpowder":2,"minecraft:andesite":8,"minecraft:arrow":1,"minecraft:wooden_pickaxe":2},"minecraft:broken":{"minecraft:iron_shovel":1,"minecraft:stone_pickaxe":1,"minecraft:stone_axe":2,"minecraft:stone_shovel":1},"minecraft:custom":{"minecraft:mob_kills":26,"minecraft:interact_with_crafting_table":31,"minecraft:bell_ring":2,"minecraft:leave_game":9,"minecraft:time_since_death":88457,"minecraft:climb_one_cm":2253,"minecraft:sprint_one_cm":633902,"minecraft:walk_one_cm":621052,"minecraft:drop":83,"minecraft:talked_to_villager":1,"minecraft:play_time":196919,"minecraft:deaths":3,"minecraft:sneak_time":8694,"minecraft:walk_under_water_one_cm":2753,"minecraft:jump":2693,"minecraft:walk_on_water_one_cm":14833,"minecraft:total_world_time":196919,"minecraft:interact_with_furnace":25,"minecraft:sleep_in_bed":11,"minecraft:time_since_rest":28472,"minecraft:damage_taken":2193,"minecraft:damage_dealt":3358,"minecraft:swim_one_cm":18448,"minecraft:fly_one_cm":302922,"minecraft:open_chest":19,"minecraft:crouch_one_cm":19758,"minecraft:fall_one_cm":58372},"minecraft:picked_up":{"minecraft:crafting_table":7,"minecraft:wheat":3,"minecraft:azure_bluet":1,"minecraft:chicken":1,"minecraft:yellow_wool":6,"minecraft:wooden_pickaxe":1,"minecraft:string":1,"minecraft:flint_and_steel":1,"minecraft:beetroot":4,"minecraft:cobbled_deepslate":184,"minecraft:iron_pickaxe":2,"minecraft:lectern":1,"minecraft:melon_slice":58,"minecraft:sugar_cane":8,"minecraft:furnace":6,"minecraft:raw_iron":22,"minecraft:stick":3,"minecraft:oak_fence":25,"minecraft:torch":11,"minecraft:porkchop":5,"minecraft:diorite":14,"minecraft:carrot":39,"minecraft:redstone":195,"minecraft:tnt":9,"minecraft:rotten_flesh":8,"minecraft:arrow":11,"minecraft:beetroot_seeds":10,"minecraft:hay_block":16,"minecraft:mutton":37,"minecraft:white_wool":24,"minecraft:cobblestone":128,"minecraft:feather":1,"minecraft:cooked_beef":4,"minecraft:andesite":16,"minecraft:potato":17,"minecraft:flint":9,"minecraft:oak_log":25,"minecraft:gunpowder":4,"minecraft:lapis_lazuli":36,"minecraft:dirt":497,"minecraft:bone":10,"minecraft:bow":1,"minecraft:wheat_seeds":87,"minecraft:raw_gold":3,"minecraft:iron_ingot":5,"minecraft:bamboo":404,"minecraft:iron_sword":2,"minecraft:oak_planks":33,"minecraft:oak_slab":12,"minecraft:oak_pressure_plate":1,"minecraft:dandelion":3,"minecraft:gravel":22,"minecraft:white_bed":15,"minecraft:diamond":10,"minecraft:bone_meal":1,"minecraft:emerald":6,"minecraft:oak_sapling":5,"minecraft:coal":24,"minecraft:sunflower":14},"minecraft:crafted":{"minecraft:grindstone":3,"minecraft:oak_planks":100,"minecraft:stone_shovel":1,"minecraft:stone":3,"minecraft:cooked_mutton":8,"minecraft:flint_and_steel":1,"minecraft:iron_axe":1,"minecraft:stone_pickaxe":2,"minecraft:chest":2,"minecraft:cooked_porkchop":2,"minecraft:crafting_table":4,"minecraft:wooden_pickaxe":3,"minecraft:iron_sword":1,"minecraft:stone_axe":3,"minecraft:yellow_dye":1,"minecraft:stick":32,"minecraft:stone_slab":6,"minecraft:iron_ingot":12,"minecraft:iron_pickaxe":1,"minecraft:iron_shovel":2,"minecraft:gold_ingot":2,"minecraft:white_bed":6,"minecraft:torch":8,"minecraft:shears":1},"minecraft:killed_by":{"minecraft:creeper":1},"minecraft:killed":{"minecraft:spider":1,"minecraft:skeleton":4,"minecraft:chicken":1,"minecraft:pig":3,"minecraft:creeper":1,"minecraft:sheep":4,"minecraft:zombie":5,"minecraft:cow":1}},"DataVersion":3465}